userid,serviceid,legal Service Requests 1000,legal Service Requests 3000,legal Service Request 5000,effencicy,attack_num
1,1-4,0,0,0,1.75,2
1,1-3,0,3,0,1.74,0
1,1-2,0,2,0,1.71,0
1,1-1,0,0,0,1.8,0
2,2-5,0,1,0,1.74,0
2,2-4,0,0,0,1.69,0
2,2-3,0,0,0,1.88,0
2,2-2,0,0,0,1.89,0
2,2-1,0,1,0,1.62,0
3,3-1,0,1,0,1.86,0
4,4-2,0,1,0,1.75,0
4,4-1,0,0,0,2.0,0
5,5-2,0,2,0,1.86,0
5,5-1,0,1,0,2.0,0
6,6-1,0,0,0,1.74,0
7,7-2,0,0,0,1.61,0
7,7-1,0,1,0,1.95,0
8,8-2,0,0,0,1.6,0
8,8-1,0,0,0,1.77,0
9,9-2,0,1,0,1.67,0
9,9-1,0,0,0,1.8,0
10,10-4,0,0,0,1.84,0
10,10-3,0,0,0,1.63,0
10,10-2,0,0,0,1.87,0
10,10-1,0,0,0,1.81,0
11,11-1,0,1,0,1.62,0
12,12-4,0,0,0,1.88,2
12,12-3,0,0,0,1.9,0
12,12-2,0,1,0,1.4,0
12,12-1,0,2,0,1.61,0
13,13-4,0,0,0,1.71,0
13,13-3,0,0,0,1.83,0
13,13-2,0,0,0,1.66,0
13,13-1,0,0,0,1.88,0
14,14-3,0,0,0,2.0,0
14,14-2,0,0,0,1.63,0
14,14-1,0,1,0,1.97,0
15,15-5,0,3,0,1.68,0
15,15-4,0,1,0,1.79,0
15,15-3,0,1,0,1.7,0
15,15-2,0,0,0,1.73,0
15,15-1,0,1,0,1.61,0
16,16-2,0,4,0,1.85,0
16,16-1,0,0,0,1.69,0
17,17-4,0,1,0,1.63,0
17,17-3,0,1,0,1.66,0
17,17-2,0,3,0,1.54,0
17,17-1,0,1,0,1.79,2
18,18-2,0,2,0,1.94,2
18,18-1,0,2,0,1.63,0
19,19-4,0,2,0,1.78,0
19,19-3,0,0,0,1.87,0
19,19-2,0,2,0,1.63,0
19,19-1,0,1,0,1.83,1
20,20-3,0,1,0,1.7,0
20,20-2,0,2,0,1.75,0
20,20-1,0,3,0,1.57,0
21,21-5,0,0,0,1.75,0
21,21-4,0,0,0,1.77,0
21,21-3,0,1,0,1.6,0
21,21-2,0,0,0,1.78,0
21,21-1,0,1,0,1.74,0
22,22-1,0,2,0,1.98,3
23,23-1,0,2,0,1.85,0
24,24-1,0,0,0,1.81,0
25,25-4,0,0,0,1.88,0
25,25-3,0,0,0,1.88,0
25,25-2,0,0,0,1.25,0
25,25-1,0,0,0,1.64,0
26,26-4,0,0,0,1.8,0
26,26-3,0,1,0,1.72,0
26,26-2,0,1,0,1.48,0
26,26-1,0,0,0,1.82,0
27,27-4,0,2,0,1.65,0
27,27-3,0,0,0,1.74,0
27,27-2,0,1,0,1.53,0
27,27-1,0,1,0,1.79,0
28,28-5,0,2,0,1.86,5
28,28-4,0,0,0,1.71,0
28,28-3,0,4,0,1.67,0
28,28-2,0,1,0,1.66,0
28,28-1,0,1,0,1.96,0
29,29-2,0,1,0,1.73,1
29,29-1,0,1,0,1.65,2
30,30-1,0,0,0,1.87,6
31,31-4,0,0,0,1.84,0
31,31-3,0,0,0,1.75,0
31,31-2,0,0,0,1.96,0
31,31-1,0,2,0,1.68,0
32,32-3,0,1,0,1.57,0
32,32-2,0,0,0,1.76,0
32,32-1,0,0,0,1.74,0
33,33-1,0,1,0,1.85,0
34,34-2,0,0,0,1.98,0
34,34-1,0,0,0,1.93,0
35,35-5,0,1,0,1.85,0
35,35-4,0,0,0,1.97,0
35,35-3,0,1,0,1.63,0
35,35-2,0,1,0,1.8,0
35,35-1,0,1,0,1.92,0
36,36-4,0,1,0,1.74,2
36,36-3,0,2,0,1.76,0
36,36-2,0,0,0,1.86,0
36,36-1,0,0,0,1.6,0
37,37-3,0,2,0,1.9,0
37,37-2,0,0,0,1.78,3
37,37-1,0,3,0,1.7,0
38,38-4,0,0,0,1.76,0
38,38-3,0,0,0,1.92,0
38,38-2,0,1,0,1.75,0
38,38-1,0,0,0,1.8,0
39,39-3,0,3,0,1.77,0
39,39-2,0,0,0,1.78,0
39,39-1,0,2,0,1.84,0
40,40-1,0,0,0,1.98,0
41,41-3,0,0,0,1.69,0
41,41-2,0,1,0,1.98,0
41,41-1,0,0,0,1.87,0
42,42-2,0,0,0,1.76,0
42,42-1,0,2,0,1.52,1
43,43-3,0,0,0,1.7,0
43,43-2,0,4,0,1.66,0
43,43-1,0,0,0,1.9,0
44,44-2,0,3,0,1.93,0
44,44-1,0,1,0,1.92,0
45,45-3,0,1,0,1.81,0
45,45-2,0,2,0,1.9,0
45,45-1,0,0,0,1.97,2
46,46-4,0,2,0,1.98,0
46,46-3,0,1,0,1.67,0
46,46-2,0,0,0,1.71,0
46,46-1,0,3,0,1.62,0
47,47-1,0,0,0,1.9,8
48,48-4,0,3,0,1.77,0
48,48-3,0,1,0,1.56,0
48,48-2,0,0,0,1.71,0
48,48-1,0,4,0,1.86,0
49,49-5,0,0,0,1.52,1
49,49-4,0,0,0,1.86,0
49,49-3,0,2,0,1.77,0
49,49-2,0,0,0,1.66,0
49,49-1,0,0,0,1.7,0
50,50-3,0,0,0,1.72,0
50,50-2,0,1,0,1.84,0
50,50-1,0,0,0,1.46,0
51,51-3,0,1,0,1.66,2
51,51-2,0,3,0,1.67,0
51,51-1,0,3,0,1.89,10
52,52-1,0,0,0,1.72,0
53,53-1,0,2,0,1.87,1
54,54-3,0,2,0,1.87,0
54,54-2,0,0,0,1.98,6
54,54-1,0,0,0,1.92,0
55,55-5,0,1,0,1.72,1
55,55-4,0,0,0,1.87,0
55,55-3,0,2,0,1.79,2
55,55-2,0,0,0,1.78,0
55,55-1,0,0,0,1.63,0
56,56-3,0,1,0,1.93,0
56,56-2,0,0,0,1.9,0
56,56-1,0,0,0,1.8,0
57,57-2,0,2,0,1.76,0
57,57-1,0,0,0,1.87,0
58,58-4,0,2,0,1.75,0
58,58-3,0,1,0,1.7,0
58,58-2,0,0,0,1.89,5
58,58-1,0,0,0,1.81,0
59,59-1,0,0,0,1.95,0
60,60-3,0,2,0,1.69,0
60,60-2,0,0,0,1.78,0
60,60-1,0,0,0,1.84,0
61,61-1,0,2,0,1.85,0
62,62-2,0,0,0,1.88,0
62,62-1,0,0,0,1.92,0
63,63-1,0,1,0,1.61,0
64,64-2,0,0,0,1.56,0
64,64-1,0,0,0,1.74,1
65,65-3,0,0,0,1.67,0
65,65-2,0,1,0,1.78,0
65,65-1,0,2,0,1.89,0
66,66-2,0,2,0,1.77,0
66,66-1,0,1,0,2.0,0
67,67-2,0,4,0,1.78,10
67,67-1,0,0,0,1.82,0
68,68-1,0,0,0,1.67,0
69,69-2,0,1,0,1.55,0
69,69-1,0,0,0,1.89,0
70,70-1,0,1,0,1.73,0
71,71-3,0,1,0,1.75,3
71,71-2,0,0,0,1.79,0
71,71-1,0,1,0,1.49,0
72,72-2,0,3,0,1.81,0
72,72-1,0,2,0,1.83,0
73,73-4,0,0,0,1.95,0
73,73-3,0,1,0,1.75,0
73,73-2,0,0,0,1.89,0
73,73-1,0,1,0,1.67,1
74,74-1,0,0,0,1.83,0
75,75-1,0,0,0,1.44,0
76,76-3,0,1,0,1.95,0
76,76-2,0,0,0,1.67,0
76,76-1,0,1,0,1.94,0
77,77-5,0,1,0,1.84,0
77,77-4,0,1,0,1.87,0
77,77-3,0,2,0,1.73,0
77,77-2,0,0,0,1.84,0
77,77-1,0,1,0,1.87,0
78,78-2,0,0,0,1.75,0
78,78-1,0,1,0,1.87,0
79,79-1,0,1,0,1.69,0
80,80-4,0,0,0,1.94,0
80,80-3,0,2,0,1.91,0
80,80-2,0,2,0,1.52,0
80,80-1,0,0,0,1.94,0
81,81-1,0,2,0,1.84,0
82,82-4,0,1,0,1.95,0
82,82-3,0,0,0,1.7,0
82,82-2,0,2,0,1.51,0
82,82-1,0,2,0,1.88,3
83,83-2,0,0,0,1.94,6
83,83-1,0,0,0,1.92,1
84,84-4,0,1,0,1.91,0
84,84-3,0,1,0,1.77,0
84,84-2,0,1,0,1.62,0
84,84-1,0,0,0,1.82,0
85,85-3,0,1,0,1.9,9
85,85-2,0,2,0,1.77,0
85,85-1,0,1,0,1.64,0
86,86-2,0,1,0,1.66,0
86,86-1,0,2,0,1.88,0
87,87-2,0,2,0,1.9,0
87,87-1,0,1,0,1.91,0
88,88-3,0,1,0,1.81,0
88,88-2,0,3,0,1.84,0
88,88-1,0,1,0,1.95,0
89,89-5,0,1,0,1.79,0
89,89-4,0,1,0,1.85,0
89,89-3,0,0,0,1.83,0
89,89-2,0,1,0,1.73,0
89,89-1,0,1,0,1.8,0
90,90-4,0,1,0,1.65,0
90,90-3,0,2,0,1.73,0
90,90-2,0,0,0,1.75,0
90,90-1,0,3,0,1.71,0
91,91-4,0,1,0,1.74,0
91,91-3,0,0,0,1.68,0
91,91-2,0,0,0,1.74,0
91,91-1,0,2,0,1.56,0
92,92-1,0,3,0,1.77,0
93,93-4,0,2,0,1.84,0
93,93-3,0,0,0,1.88,0
93,93-2,0,0,0,1.81,0
93,93-1,0,1,0,1.76,0
94,94-2,0,2,0,1.84,3
94,94-1,0,2,0,1.76,0
95,95-3,0,0,0,1.57,0
95,95-2,0,1,0,1.77,4
95,95-1,0,0,0,1.82,0
96,96-4,0,0,0,1.82,0
96,96-3,0,0,0,1.94,0
96,96-2,0,2,0,1.79,0
96,96-1,0,2,0,1.53,0
97,97-3,0,2,0,1.85,0
97,97-2,0,2,0,1.73,0
97,97-1,0,1,0,1.93,0
98,98-5,0,0,0,1.62,0
98,98-4,0,1,0,1.7,0
98,98-3,0,2,0,1.74,0
98,98-2,0,0,0,1.71,0
98,98-1,0,1,0,1.58,0
99,99-1,0,0,0,1.86,0
100,100-2,0,1,0,1.47,0
100,100-1,0,0,0,1.77,0
101,101-1,0,1,0,1.76,0
102,102-5,0,1,0,1.75,0
102,102-4,0,2,0,1.89,0
102,102-3,0,1,0,1.7,0
102,102-2,0,2,0,1.82,0
102,102-1,0,0,0,1.75,0
103,103-3,0,2,0,1.68,0
103,103-2,0,1,0,1.97,0
103,103-1,0,0,0,1.63,0
104,104-5,0,2,0,1.75,0
104,104-4,0,1,0,1.77,0
104,104-3,0,1,0,1.65,0
104,104-2,0,0,0,1.7,0
104,104-1,0,2,0,1.88,0
105,105-4,0,3,0,1.92,0
105,105-3,0,2,0,2.0,5
105,105-2,0,2,0,1.75,0
105,105-1,0,2,0,1.82,0
106,106-3,0,0,0,1.79,0
106,106-2,0,1,0,1.8,0
106,106-1,0,0,0,1.8,0
107,107-2,0,2,0,1.76,0
107,107-1,0,2,0,1.78,0
108,108-5,0,1,0,1.49,0
108,108-4,0,2,0,1.94,0
108,108-3,0,0,0,1.82,0
108,108-2,0,1,0,1.66,0
108,108-1,0,2,0,1.76,0
109,109-1,0,0,0,1.95,0
110,110-4,0,1,0,1.85,0
110,110-3,0,1,0,1.69,0
110,110-2,0,1,0,1.75,0
110,110-1,0,2,0,1.72,0
111,111-5,0,2,0,1.75,3
111,111-4,0,1,0,1.54,0
111,111-3,0,1,0,1.96,0
111,111-2,0,0,0,1.57,0
111,111-1,0,0,0,1.99,0
112,112-5,0,1,0,1.99,0
112,112-4,0,2,0,1.76,1
112,112-3,0,0,0,1.69,0
112,112-2,0,2,0,1.67,0
112,112-1,0,2,0,1.69,0
113,113-4,0,0,0,1.79,0
113,113-3,0,3,0,1.86,0
113,113-2,0,2,0,1.87,0
113,113-1,0,3,0,1.83,0
114,114-2,0,1,0,2.0,0
114,114-1,0,0,0,1.76,0
115,115-3,0,2,0,1.9,0
115,115-2,0,2,0,2.0,0
115,115-1,0,0,0,1.96,0
116,116-2,0,1,0,1.71,5
116,116-1,0,6,0,1.46,0
117,117-1,0,2,0,1.56,0
118,118-3,0,0,0,1.88,0
118,118-2,0,1,0,1.73,0
118,118-1,0,0,0,1.73,0
119,119-5,0,0,0,1.77,0
119,119-4,0,0,0,1.68,0
119,119-3,0,1,0,1.62,0
119,119-2,0,1,0,1.76,0
119,119-1,0,0,0,1.78,0
120,120-5,0,2,0,1.91,0
120,120-4,0,0,0,1.77,0
120,120-3,0,1,0,1.72,0
120,120-2,0,1,0,2.0,0
120,120-1,0,0,0,1.86,0
121,121-4,0,0,0,1.93,0
121,121-3,0,0,0,1.63,0
121,121-2,0,1,0,1.77,0
121,121-1,0,1,0,1.89,0
122,122-2,0,1,0,1.92,0
122,122-1,0,0,0,1.85,0
123,123-5,0,2,0,1.92,0
123,123-4,0,0,0,1.59,0
123,123-3,0,0,0,1.82,0
123,123-2,0,0,0,1.84,0
123,123-1,0,1,0,1.85,0
124,124-4,0,0,0,1.61,0
124,124-3,0,1,0,1.87,0
124,124-2,0,3,0,1.69,0
124,124-1,0,0,0,1.61,0
125,125-5,0,0,0,1.78,4
125,125-4,0,1,0,1.99,0
125,125-3,0,3,0,1.59,0
125,125-2,0,4,0,1.78,2
125,125-1,0,1,0,1.72,0
126,126-3,0,1,0,1.78,0
126,126-2,0,1,0,2.0,0
126,126-1,0,0,0,1.91,1
127,127-2,0,0,0,1.86,0
127,127-1,0,3,0,1.84,0
128,128-3,0,0,0,1.96,0
128,128-2,0,1,0,1.66,0
128,128-1,0,0,0,1.85,0
129,129-5,0,2,0,1.97,0
129,129-4,0,3,0,1.69,0
129,129-3,0,0,0,1.92,0
129,129-2,0,1,0,1.73,0
129,129-1,0,0,0,1.78,0
130,130-4,0,2,0,1.94,0
130,130-3,0,0,0,1.7,0
130,130-2,0,5,0,1.9,0
130,130-1,0,0,0,1.77,0
131,131-2,0,1,0,1.86,0
131,131-1,0,1,0,1.93,0
132,132-1,0,1,0,1.95,0
133,133-5,0,2,0,1.69,0
133,133-4,0,4,0,1.78,0
133,133-3,0,0,0,1.86,0
133,133-2,0,1,0,2.0,0
133,133-1,0,0,0,1.77,0
134,134-3,0,0,0,1.55,0
134,134-2,0,0,0,1.71,0
134,134-1,0,1,0,1.8,0
135,135-5,0,1,0,1.89,0
135,135-4,0,2,0,1.96,1
135,135-3,0,0,0,1.95,0
135,135-2,0,0,0,1.72,0
135,135-1,0,1,0,2.0,0
136,136-2,0,1,0,1.56,0
136,136-1,0,0,0,1.76,0
137,137-1,0,3,0,1.87,0
138,138-1,0,2,0,1.77,5
139,139-1,0,0,0,1.98,0
140,140-3,0,0,0,1.91,0
140,140-2,0,3,0,1.83,1
140,140-1,0,0,0,1.78,0
141,141-2,0,1,0,1.8,0
141,141-1,0,2,0,1.95,0
142,142-5,0,2,0,1.79,0
142,142-4,0,2,0,1.88,0
142,142-3,0,2,0,1.62,0
142,142-2,0,0,0,1.8,0
142,142-1,0,0,0,1.71,0
143,143-2,0,0,0,1.89,0
143,143-1,0,1,0,1.89,0
144,144-5,0,4,0,1.63,0
144,144-4,0,1,0,1.66,0
144,144-3,0,1,0,1.82,0
144,144-2,0,1,0,1.83,0
144,144-1,0,1,0,1.71,0
145,145-1,0,0,0,1.96,0
146,146-5,0,1,0,1.8,2
146,146-4,0,1,0,1.73,0
146,146-3,0,0,0,1.88,0
146,146-2,0,0,0,1.69,0
146,146-1,0,4,0,1.65,0
147,147-2,0,1,0,1.77,0
147,147-1,0,0,0,1.67,0
148,148-2,0,0,0,1.97,0
148,148-1,0,0,0,1.79,0
149,149-3,0,2,0,1.89,0
149,149-2,0,3,0,2.0,0
149,149-1,0,1,0,1.85,0
150,150-2,0,0,0,1.62,0
150,150-1,0,0,0,1.85,0
151,151-1,0,0,0,1.98,0
152,152-5,0,1,0,1.5,0
152,152-4,0,3,0,1.81,0
152,152-3,0,2,0,1.7,0
152,152-2,0,1,0,1.82,5
152,152-1,0,1,0,1.45,0
153,153-1,0,0,0,1.87,0
154,154-1,0,1,0,1.74,0
155,155-2,0,1,0,1.6,0
155,155-1,0,0,0,1.62,0
156,156-5,0,0,0,1.75,0
156,156-4,0,0,0,1.7,0
156,156-3,0,0,0,1.97,0
156,156-2,0,2,0,1.83,7
156,156-1,0,0,0,1.9,0
157,157-3,0,4,0,2.0,0
157,157-2,0,3,0,1.75,0
157,157-1,0,0,0,1.58,0
158,158-5,0,3,0,1.71,0
158,158-4,0,1,0,2.0,2
158,158-3,0,0,0,1.77,6
158,158-2,0,0,0,1.67,0
158,158-1,0,0,0,1.89,0
159,159-4,0,0,0,1.99,0
159,159-3,0,1,0,1.64,0
159,159-2,0,0,0,1.68,0
159,159-1,0,2,0,1.84,0
160,160-1,0,0,0,1.78,0
161,161-2,0,1,0,1.66,1
161,161-1,0,1,0,1.69,0
162,162-1,0,0,0,1.8,0
163,163-2,0,0,0,1.8,4
163,163-1,0,1,0,1.75,0
164,164-2,0,3,0,1.84,0
164,164-1,0,0,0,1.8,0
165,165-2,0,1,0,1.87,0
165,165-1,0,3,0,1.79,0
166,166-4,0,0,0,1.57,0
166,166-3,0,1,0,1.46,0
166,166-2,0,2,0,1.83,0
166,166-1,0,1,0,1.78,0
167,167-2,0,1,0,1.99,0
167,167-1,0,1,0,1.87,0
168,168-5,0,0,0,1.97,0
168,168-4,0,3,0,1.64,0
168,168-3,0,1,0,1.79,0
168,168-2,0,1,0,1.85,3
168,168-1,0,0,0,1.83,0
169,169-2,0,1,0,1.73,0
169,169-1,0,0,0,1.66,0
170,170-4,0,0,0,1.87,2
170,170-3,0,0,0,1.9,0
170,170-2,0,3,0,1.48,0
170,170-1,0,0,0,1.76,0
171,171-1,0,1,0,1.85,0
172,172-1,0,2,0,1.62,0
173,173-1,0,2,0,2.0,0
174,174-5,0,0,0,1.82,0
174,174-4,0,0,0,1.84,0
174,174-3,0,1,0,1.87,1
174,174-2,0,0,0,1.83,0
174,174-1,0,1,0,1.76,0
175,175-2,0,1,0,1.82,0
175,175-1,0,0,0,1.72,0
176,176-3,0,1,0,1.67,0
176,176-2,0,1,0,1.73,0
176,176-1,0,1,0,1.63,2
177,177-5,0,0,0,1.86,0
177,177-4,0,3,0,1.61,0
177,177-3,0,1,0,1.42,0
177,177-2,0,0,0,1.64,0
177,177-1,0,0,0,2.0,0
178,178-2,0,0,0,1.59,0
178,178-1,0,0,0,1.59,1
179,179-1,0,2,0,1.93,0
180,180-2,0,1,0,1.71,0
180,180-1,0,2,0,1.73,0
181,181-2,0,2,0,1.87,0
181,181-1,0,0,0,1.64,0
182,182-5,0,2,0,1.98,0
182,182-4,0,1,0,2.0,0
182,182-3,0,2,0,1.7,0
182,182-2,0,1,0,1.79,1
182,182-1,0,0,0,1.74,0
183,183-3,0,0,0,1.73,0
183,183-2,0,1,0,1.81,0
183,183-1,0,0,0,1.67,0
184,184-4,0,1,0,1.54,0
184,184-3,0,0,0,1.89,0
184,184-2,0,0,0,1.79,0
184,184-1,0,1,0,1.98,0
185,185-4,0,1,0,2.0,0
185,185-3,0,1,0,1.97,0
185,185-2,0,1,0,1.75,0
185,185-1,0,1,0,1.94,0
186,186-1,0,3,0,1.85,0
187,187-2,0,0,0,1.89,0
187,187-1,0,0,0,1.72,0
188,188-1,0,0,0,1.97,2
189,189-2,0,0,0,1.66,0
189,189-1,0,1,0,1.77,0
190,190-3,0,2,0,1.99,0
190,190-2,0,1,0,1.77,0
190,190-1,0,0,0,1.79,0
191,191-4,0,1,0,1.63,0
191,191-3,0,1,0,1.76,0
191,191-2,0,0,0,1.95,0
191,191-1,0,1,0,1.75,0
192,192-4,0,2,0,1.78,0
192,192-3,0,1,0,1.74,1
192,192-2,0,2,0,1.67,0
192,192-1,0,0,0,1.7,0
193,193-5,0,0,0,1.8,0
193,193-4,0,1,0,1.72,1
193,193-3,0,2,0,1.58,0
193,193-2,0,0,0,1.86,0
193,193-1,0,0,0,1.71,0
194,194-5,0,0,0,1.81,1
194,194-4,0,1,0,1.56,2
194,194-3,0,1,0,1.81,1
194,194-2,0,1,0,1.67,0
194,194-1,0,0,0,1.88,0
195,195-1,0,2,0,1.68,0
196,196-1,0,0,0,1.83,0
197,197-1,0,0,0,1.86,0
198,198-4,0,5,0,1.87,0
198,198-3,0,4,0,1.87,0
198,198-2,0,0,0,1.75,0
198,198-1,0,2,0,1.76,0
199,199-2,0,1,0,1.87,0
199,199-1,0,3,0,1.87,0
200,200-4,0,0,0,1.54,0
200,200-3,0,0,0,1.77,0
200,200-2,0,2,0,1.64,4
200,200-1,0,1,0,1.65,0
201,201-4,0,1,0,1.63,0
201,201-3,0,0,0,1.68,0
201,201-2,0,0,0,1.81,0
201,201-1,0,1,0,1.74,0
202,202-2,0,0,0,1.89,0
202,202-1,0,2,0,1.87,0
203,203-5,0,1,0,1.85,0
203,203-4,0,1,0,2.0,0
203,203-3,0,0,0,1.85,0
203,203-2,0,1,0,1.68,0
203,203-1,0,2,0,1.84,0
204,204-4,0,0,0,1.65,0
204,204-3,0,1,0,1.69,0
204,204-2,0,2,0,1.53,0
204,204-1,0,2,0,1.87,0
205,205-2,0,0,0,1.74,0
205,205-1,0,0,0,1.92,0
206,206-5,0,2,0,1.74,0
206,206-4,0,2,0,1.73,0
206,206-3,0,1,0,1.55,7
206,206-2,0,1,0,1.81,0
206,206-1,0,2,0,1.72,0
207,207-2,0,0,0,1.98,1
207,207-1,0,3,0,1.71,0
208,208-3,0,1,0,1.93,0
208,208-2,0,1,0,1.81,0
208,208-1,0,1,0,1.79,0
209,209-3,0,0,0,1.76,0
209,209-2,0,2,0,1.55,0
209,209-1,0,1,0,1.75,0
210,210-4,0,3,0,1.74,1
210,210-3,0,1,0,1.74,0
210,210-2,0,1,0,1.8,0
210,210-1,0,1,0,1.72,0
211,211-2,0,1,0,1.78,0
211,211-1,0,0,0,1.75,0
212,212-4,0,2,0,1.84,0
212,212-3,0,0,0,1.7,0
212,212-2,0,0,0,1.62,0
212,212-1,0,1,0,1.69,2
213,213-1,0,4,0,1.61,0
214,214-1,0,0,0,1.62,0
215,215-1,0,1,0,1.74,0
216,216-2,0,0,0,1.93,0
216,216-1,0,0,0,1.82,0
217,217-2,0,1,0,1.82,0
217,217-1,0,1,0,1.56,0
218,218-2,0,1,0,1.65,0
218,218-1,0,1,0,1.87,0
219,219-3,0,1,0,1.79,0
219,219-2,0,2,0,1.86,0
219,219-1,0,5,0,1.85,0
220,220-3,0,2,0,1.8,0
220,220-2,0,0,0,1.9,0
220,220-1,0,0,0,1.73,0
221,221-1,0,1,0,1.83,0
222,222-1,0,1,0,1.93,0
223,223-5,0,1,0,1.56,0
223,223-4,0,1,0,1.74,0
223,223-3,0,0,0,1.54,0
223,223-2,0,2,0,1.73,0
223,223-1,0,2,0,1.85,0
224,224-1,0,1,0,1.69,0
225,225-2,0,3,0,1.62,0
225,225-1,0,0,0,1.74,0
226,226-5,0,0,0,1.82,0
226,226-4,0,0,0,1.7,3
226,226-3,0,0,0,1.5,0
226,226-2,0,2,0,2.0,0
226,226-1,0,1,0,1.93,0
227,227-2,0,1,0,1.74,0
227,227-1,0,2,0,1.77,5
228,228-4,0,3,0,1.8,0
228,228-3,0,1,0,1.7,5
228,228-2,0,0,0,1.8,2
228,228-1,0,2,0,1.8,0
229,229-3,0,3,0,1.91,0
229,229-2,0,1,0,1.71,0
229,229-1,0,1,0,1.85,0
230,230-4,0,1,0,1.88,0
230,230-3,0,2,0,1.79,0
230,230-2,0,0,0,1.69,0
230,230-1,0,1,0,1.74,0
231,231-3,0,1,0,1.48,0
231,231-2,0,0,0,1.81,0
231,231-1,0,1,0,1.74,0
232,232-2,0,1,0,1.91,0
232,232-1,0,1,0,1.92,0
233,233-1,0,0,0,1.68,0
234,234-1,0,2,0,2.0,2
235,235-1,0,0,0,1.55,0
236,236-4,0,0,0,1.98,0
236,236-3,0,3,0,1.96,0
236,236-2,0,0,0,1.82,0
236,236-1,0,1,0,1.76,0
237,237-4,0,1,0,1.83,0
237,237-3,0,3,0,1.91,0
237,237-2,0,1,0,1.96,0
237,237-1,0,1,0,1.69,0
238,238-3,0,1,0,1.77,1
238,238-2,0,4,0,1.59,0
238,238-1,0,1,0,1.96,0
239,239-5,0,2,0,1.92,0
239,239-4,0,2,0,1.67,0
239,239-3,0,0,0,1.86,0
239,239-2,0,0,0,1.62,0
239,239-1,0,1,0,1.81,0
240,240-5,0,1,0,1.63,0
240,240-4,0,0,0,1.87,0
240,240-3,0,2,0,1.84,0
240,240-2,0,0,0,1.87,0
240,240-1,0,0,0,1.71,0
241,241-4,0,0,0,1.77,0
241,241-3,0,1,0,1.74,0
241,241-2,0,1,0,1.62,0
241,241-1,0,0,0,1.83,0
242,242-5,0,0,0,1.56,0
242,242-4,0,2,0,1.78,0
242,242-3,0,2,0,1.9,0
242,242-2,0,1,0,1.7,0
242,242-1,0,2,0,1.98,0
243,243-5,0,1,0,1.89,2
243,243-4,0,2,0,1.96,0
243,243-3,0,1,0,1.46,0
243,243-2,0,2,0,1.77,0
243,243-1,0,1,0,1.86,0
244,244-3,0,2,0,1.9,0
244,244-2,0,0,0,1.76,0
244,244-1,0,1,0,1.62,0
245,245-4,0,0,0,1.98,0
245,245-3,0,1,0,1.63,0
245,245-2,0,1,0,1.72,0
245,245-1,0,1,0,1.85,0
246,246-1,0,1,0,1.94,0
247,247-5,0,5,0,1.9,0
247,247-4,0,2,0,1.94,0
247,247-3,0,1,0,1.71,0
247,247-2,0,1,0,1.91,2
247,247-1,0,2,0,1.84,0
248,248-2,0,2,0,1.98,0
248,248-1,0,1,0,1.6,0
249,249-2,0,2,0,1.61,0
249,249-1,0,1,0,1.64,0
250,250-1,0,0,0,1.99,1
251,251-5,0,2,0,1.75,0
251,251-4,0,0,0,1.87,0
251,251-3,0,0,0,1.91,0
251,251-2,0,2,0,1.95,0
251,251-1,0,0,0,1.71,0
252,252-2,0,0,0,1.56,0
252,252-1,0,1,0,1.66,0
253,253-4,0,2,0,1.69,0
253,253-3,0,0,0,1.78,6
253,253-2,0,1,0,1.99,0
253,253-1,0,1,0,1.92,0
254,254-2,0,0,0,1.87,0
254,254-1,0,0,0,1.85,0
255,255-1,0,2,0,1.41,0
256,256-2,0,0,0,1.67,0
256,256-1,0,0,0,1.95,0
257,257-2,0,3,0,1.54,0
257,257-1,0,1,0,1.78,0
258,258-2,0,1,0,1.69,0
258,258-1,0,2,0,1.71,0
259,259-3,0,2,0,1.84,0
259,259-2,0,2,0,1.68,0
259,259-1,0,1,0,1.85,0
260,260-1,0,0,0,1.71,0
261,261-5,0,1,0,1.72,0
261,261-4,0,3,0,1.93,0
261,261-3,0,0,0,1.89,0
261,261-2,0,1,0,1.16,0
261,261-1,0,0,0,1.51,0
262,262-1,0,0,0,1.9,0
263,263-4,0,0,0,1.67,0
263,263-3,0,0,0,1.69,1
263,263-2,0,0,0,2.0,0
263,263-1,0,0,0,1.76,0
264,264-3,0,1,0,1.55,0
264,264-2,0,0,0,1.65,0
264,264-1,0,0,0,1.51,1
265,265-5,0,0,0,1.81,0
265,265-4,0,0,0,1.76,0
265,265-3,0,1,0,1.75,0
265,265-2,0,2,0,1.66,0
265,265-1,0,1,0,1.83,2
266,266-3,0,0,0,1.61,0
266,266-2,0,2,0,1.67,0
266,266-1,0,0,0,1.8,0
267,267-5,0,0,0,1.57,0
267,267-4,0,1,0,1.89,2
267,267-3,0,1,0,1.71,0
267,267-2,0,0,0,1.78,0
267,267-1,0,2,0,1.6,0
268,268-1,0,1,0,1.8,0
269,269-3,0,0,0,1.8,0
269,269-2,0,1,0,1.66,0
269,269-1,0,1,0,1.9,0
270,270-3,0,1,0,1.81,0
270,270-2,0,3,0,1.87,0
270,270-1,0,2,0,1.83,0
271,271-5,0,1,0,1.54,0
271,271-4,0,0,0,1.57,0
271,271-3,0,1,0,1.76,0
271,271-2,0,1,0,1.64,0
271,271-1,0,0,0,1.84,0
272,272-5,0,2,0,1.75,0
272,272-4,0,0,0,1.7,0
272,272-3,0,0,0,1.63,1
272,272-2,0,0,0,1.64,0
272,272-1,0,0,0,1.86,0
273,273-1,0,0,0,1.62,0
274,274-3,0,0,0,1.44,0
274,274-2,0,1,0,1.72,0
274,274-1,0,1,0,1.96,0
275,275-2,0,0,0,1.79,0
275,275-1,0,0,0,1.69,0
276,276-2,0,0,0,1.58,0
276,276-1,0,0,0,1.85,0
277,277-2,0,1,0,1.87,0
277,277-1,0,3,0,1.78,0
278,278-3,0,2,0,1.63,0
278,278-2,0,0,0,1.9,0
278,278-1,0,4,0,1.83,3
279,279-5,0,1,0,1.03,0
279,279-4,0,1,0,1.82,4
279,279-3,0,1,0,1.76,0
279,279-2,0,3,0,1.81,0
279,279-1,0,0,0,1.9,0
280,280-2,0,0,0,1.45,0
280,280-1,0,2,0,1.9,1
281,281-1,0,2,0,1.99,0
282,282-4,0,1,0,1.6,0
282,282-3,0,2,0,1.78,0
282,282-2,0,1,0,1.74,9
282,282-1,0,3,0,1.52,0
283,283-3,0,2,0,1.8,0
283,283-2,0,3,0,1.86,0
283,283-1,0,0,0,1.69,0
284,284-5,0,1,0,1.93,1
284,284-4,0,2,0,1.75,0
284,284-3,0,0,0,1.78,0
284,284-2,0,0,0,1.92,0
284,284-1,0,0,0,1.9,0
285,285-3,0,0,0,1.62,0
285,285-2,0,1,0,1.63,0
285,285-1,0,0,0,1.7,0
286,286-3,0,1,0,1.99,0
286,286-2,0,1,0,1.68,0
286,286-1,0,1,0,1.88,0
287,287-1,0,1,0,1.69,1
288,288-4,0,2,0,1.63,0
288,288-3,0,0,0,1.68,0
288,288-2,0,1,0,1.74,0
288,288-1,0,0,0,1.71,0
289,289-2,0,1,0,1.67,0
289,289-1,0,1,0,1.8,0
290,290-5,0,2,0,1.73,0
290,290-4,0,1,0,1.7,0
290,290-3,0,1,0,1.54,0
290,290-2,0,1,0,1.82,0
290,290-1,0,1,0,1.85,0
291,291-5,0,3,0,1.71,3
291,291-4,0,1,0,1.93,0
291,291-3,0,0,0,1.88,0
291,291-2,0,1,0,1.75,0
291,291-1,0,0,0,1.79,0
292,292-2,0,0,0,1.79,0
292,292-1,0,0,0,1.85,0
293,293-2,0,2,0,1.93,0
293,293-1,0,0,0,1.5,0
294,294-5,0,3,0,1.61,0
294,294-4,0,1,0,1.95,0
294,294-3,0,2,0,1.59,0
294,294-2,0,2,0,1.7,0
294,294-1,0,1,0,1.77,0
295,295-3,0,1,0,1.91,0
295,295-2,0,0,0,1.75,0
295,295-1,0,0,0,1.88,0
296,296-1,0,0,0,1.74,0
297,297-3,0,2,0,1.97,0
297,297-2,0,0,0,1.63,0
297,297-1,0,1,0,1.89,0
298,298-3,0,1,0,1.89,0
298,298-2,0,0,0,2.0,0
298,298-1,0,2,0,2.0,0
299,299-1,0,1,0,1.97,3
300,300-4,0,1,0,1.75,0
300,300-3,0,0,0,1.86,0
300,300-2,0,1,0,1.61,0
300,300-1,0,0,0,1.82,0
301,301-3,0,0,0,1.91,0
301,301-2,0,0,0,1.89,0
301,301-1,0,0,0,1.84,0
302,302-4,0,3,0,1.9,0
302,302-3,0,0,0,1.77,0
302,302-2,0,1,0,1.77,0
302,302-1,0,0,0,1.62,4
303,303-4,0,2,0,1.59,0
303,303-3,0,0,0,1.87,0
303,303-2,0,0,0,1.75,0
303,303-1,0,2,0,1.69,0
304,304-4,0,1,0,1.73,0
304,304-3,0,3,0,1.84,0
304,304-2,0,0,0,1.97,0
304,304-1,0,2,0,1.72,2
305,305-4,0,4,0,1.9,0
305,305-3,0,1,0,1.62,3
305,305-2,0,3,0,1.88,0
305,305-1,0,1,0,1.68,0
306,306-5,0,0,0,1.89,0
306,306-4,0,1,0,1.98,0
306,306-3,0,1,0,1.66,0
306,306-2,0,1,0,1.73,0
306,306-1,0,1,0,1.69,0
307,307-5,0,0,0,1.8,0
307,307-4,0,0,0,1.92,0
307,307-3,0,1,0,1.79,0
307,307-2,0,2,0,1.93,0
307,307-1,0,3,0,1.71,0
308,308-5,0,0,0,1.9,0
308,308-4,0,1,0,1.97,0
308,308-3,0,0,0,1.66,0
308,308-2,0,0,0,1.74,0
308,308-1,0,3,0,1.79,0
309,309-2,0,0,0,1.81,3
309,309-1,0,0,0,1.82,0
310,310-4,0,0,0,1.92,0
310,310-3,0,1,0,1.81,0
310,310-2,0,1,0,1.79,0
310,310-1,0,0,0,1.7,1
311,311-5,0,1,0,1.79,0
311,311-4,0,1,0,1.54,0
311,311-3,0,1,0,1.86,0
311,311-2,0,3,0,1.58,6
311,311-1,0,1,0,1.59,0
312,312-2,0,0,0,1.77,0
312,312-1,0,0,0,1.78,0
313,313-4,0,1,0,1.36,0
313,313-3,0,1,0,1.97,0
313,313-2,0,1,0,1.6,0
313,313-1,0,0,0,1.82,0
314,314-3,0,3,0,1.95,0
314,314-2,0,1,0,1.67,0
314,314-1,0,1,0,1.8,0
315,315-1,0,0,0,1.62,0
316,316-4,0,0,0,1.65,0
316,316-3,0,2,0,1.78,0
316,316-2,0,3,0,1.93,6
316,316-1,0,2,0,1.96,0
317,317-1,0,4,0,1.86,1
318,318-1,0,0,0,1.89,0
319,319-4,0,0,0,1.7,0
319,319-3,0,0,0,1.67,0
319,319-2,0,2,0,1.72,0
319,319-1,0,2,0,1.75,0
320,320-1,0,1,0,1.75,0
321,321-2,0,3,0,1.57,0
321,321-1,0,0,0,1.47,0
322,322-2,0,2,0,1.9,2
322,322-1,0,0,0,1.94,0
323,323-5,0,1,0,1.86,0
323,323-4,0,1,0,1.94,0
323,323-3,0,1,0,1.98,0
323,323-2,0,3,0,1.78,0
323,323-1,0,1,0,1.79,0
324,324-2,0,1,0,1.79,0
324,324-1,0,1,0,1.77,0
325,325-1,0,1,0,1.78,0
326,326-5,0,2,0,1.51,0
326,326-4,0,2,0,2.0,0
326,326-3,0,0,0,1.53,0
326,326-2,0,1,0,1.62,0
326,326-1,0,0,0,1.84,0
327,327-5,0,1,0,1.59,0
327,327-4,0,1,0,1.53,0
327,327-3,0,1,0,1.79,0
327,327-2,0,1,0,1.9,0
327,327-1,0,1,0,1.79,0
328,328-3,0,0,0,1.76,1
328,328-2,0,0,0,1.76,0
328,328-1,0,1,0,1.85,3
329,329-4,0,1,0,1.52,0
329,329-3,0,0,0,1.91,0
329,329-2,0,0,0,1.83,0
329,329-1,0,0,0,1.91,3
330,330-3,0,0,0,1.85,0
330,330-2,0,1,0,1.97,0
330,330-1,0,2,0,1.95,0
331,331-4,0,2,0,1.47,0
331,331-3,0,1,0,1.61,0
331,331-2,0,1,0,1.83,0
331,331-1,0,1,0,1.98,0
332,332-2,0,0,0,1.9,0
332,332-1,0,1,0,1.64,0
333,333-4,0,0,0,1.72,0
333,333-3,0,1,0,1.47,0
333,333-2,0,0,0,1.63,0
333,333-1,0,2,0,1.56,0
334,334-2,0,2,0,1.78,0
334,334-1,0,1,0,1.6,0
335,335-4,0,1,0,1.95,0
335,335-3,0,0,0,1.69,4
335,335-2,0,3,0,1.64,0
335,335-1,0,0,0,1.89,0
336,336-5,0,1,0,1.89,0
336,336-4,0,1,0,1.76,7
336,336-3,0,3,0,1.64,0
336,336-2,0,1,0,1.67,0
336,336-1,0,3,0,1.74,0
337,337-5,0,2,0,1.95,0
337,337-4,0,0,0,1.62,0
337,337-3,0,0,0,1.62,0
337,337-2,0,1,0,1.68,0
337,337-1,0,0,0,1.52,0
338,338-2,0,0,0,1.69,0
338,338-1,0,1,0,1.81,3
339,339-2,0,0,0,1.79,0
339,339-1,0,1,0,1.75,0
340,340-5,0,1,0,2.0,2
340,340-4,0,0,0,1.87,0
340,340-3,0,1,0,1.63,0
340,340-2,0,4,0,1.63,1
340,340-1,0,0,0,1.86,0
341,341-2,0,1,0,1.73,0
341,341-1,2,0,0,2.0,0
342,342-3,1,0,0,1.61,0
342,342-2,2,3,0,1.91,0
342,342-1,2,0,0,2.0,0
343,343-3,0,2,0,1.55,0
343,343-2,0,2,0,1.91,0
343,343-1,2,0,0,1.84,0
344,344-2,2,1,0,1.96,0
344,344-1,2,0,0,1.76,3
345,345-1,0,0,0,1.68,0
346,346-5,0,1,0,1.83,0
346,346-4,1,0,0,1.75,0
346,346-3,1,2,0,1.64,4
346,346-2,1,1,0,1.81,1
346,346-1,1,0,0,1.59,1
347,347-4,1,2,0,1.67,0
347,347-3,1,7,0,1.81,0
347,347-2,2,1,0,1.63,0
347,347-1,0,2,0,1.88,0
348,348-4,0,3,0,1.61,0
348,348-3,1,0,0,1.51,0
348,348-2,1,2,0,1.71,0
348,348-1,1,0,0,1.6,0
349,349-5,3,1,0,1.78,0
349,349-4,0,2,0,1.63,0
349,349-3,1,0,0,1.78,0
349,349-2,0,0,0,1.46,0
349,349-1,0,0,0,1.84,0
350,350-3,1,1,0,1.97,0
350,350-2,5,0,0,1.93,0
350,350-1,1,0,0,1.49,0
351,351-5,2,0,0,1.93,0
351,351-4,4,2,0,1.77,0
351,351-3,2,1,0,1.68,0
351,351-2,0,1,0,1.94,0
351,351-1,0,2,0,1.86,0
352,352-2,1,1,0,1.78,0
352,352-1,2,1,0,1.91,0
353,353-3,0,1,0,1.92,0
353,353-2,0,1,0,1.67,4
353,353-1,2,0,0,1.68,0
354,354-4,0,2,0,1.89,0
354,354-3,0,3,0,1.53,1
354,354-2,0,2,0,1.88,0
354,354-1,1,0,0,2.0,0
355,355-3,0,2,0,1.87,0
355,355-2,1,0,0,1.94,0
355,355-1,1,0,0,1.56,0
356,356-4,0,2,0,1.62,0
356,356-3,2,1,0,1.86,3
356,356-2,1,0,0,1.64,0
356,356-1,1,2,0,1.62,0
357,357-5,1,0,0,1.8,0
357,357-4,0,3,0,1.64,0
357,357-3,1,1,0,1.85,0
357,357-2,0,0,0,1.96,0
357,357-1,0,1,0,1.8,2
358,358-2,0,1,0,1.96,0
358,358-1,0,3,0,1.91,0
359,359-2,2,2,0,1.92,0
359,359-1,1,1,0,1.62,0
360,360-5,2,2,0,1.81,1
360,360-4,0,1,0,1.77,0
360,360-3,3,0,0,1.7,0
360,360-2,0,3,0,1.71,0
360,360-1,1,0,0,1.76,0
361,361-1,2,1,0,1.68,0
362,362-2,2,0,0,1.77,0
362,362-1,0,1,0,1.72,0
363,363-3,1,2,0,1.72,0
363,363-2,1,3,0,1.88,0
363,363-1,0,4,0,1.78,0
364,364-2,0,0,0,1.7,0
364,364-1,0,0,0,1.79,0
365,365-4,1,0,0,1.66,0
365,365-3,3,0,0,1.75,0
365,365-2,0,1,0,1.48,0
365,365-1,1,1,0,1.81,0
366,366-5,3,2,0,1.59,0
366,366-4,1,2,0,1.53,0
366,366-3,3,2,0,1.85,0
366,366-2,1,1,0,1.64,0
366,366-1,1,0,0,1.66,3
367,367-3,1,1,0,1.69,0
367,367-2,0,1,0,1.87,0
367,367-1,1,0,0,1.88,0
368,368-3,0,1,0,1.94,0
368,368-2,2,0,0,1.89,0
368,368-1,0,3,0,1.92,0
369,369-3,2,1,0,1.73,0
369,369-2,1,3,0,1.8,0
369,369-1,1,2,0,1.79,0
370,370-1,0,0,0,1.81,0
371,371-1,1,3,0,1.83,0
372,372-3,4,0,0,1.73,0
372,372-2,2,3,0,1.81,0
372,372-1,1,1,0,1.87,0
373,373-5,1,0,0,1.79,0
373,373-4,1,3,0,1.86,0
373,373-3,2,2,0,1.99,2
373,373-2,0,0,0,1.81,0
373,373-1,1,2,0,2.0,0
374,374-2,0,3,0,1.57,0
374,374-1,1,2,0,1.92,0
375,375-2,1,1,0,1.9,0
375,375-1,1,0,0,1.64,0
376,376-5,1,3,0,1.83,1
376,376-4,1,0,0,1.75,0
376,376-3,1,0,0,2.0,0
376,376-2,1,1,0,1.9,0
376,376-1,0,0,0,1.64,0
377,377-3,1,1,0,1.84,9
377,377-2,1,0,0,1.78,0
377,377-1,0,2,0,1.83,0
378,378-2,0,2,0,1.57,0
378,378-1,2,1,0,1.73,0
379,379-5,0,1,0,2.0,1
379,379-4,1,2,0,1.62,0
379,379-3,1,2,0,1.77,0
379,379-2,0,2,0,1.89,0
379,379-1,0,1,0,1.9,0
380,380-2,1,0,0,1.59,1
380,380-1,0,2,0,1.6,0
381,381-1,3,0,0,1.99,0
382,382-2,0,1,0,1.82,0
382,382-1,0,1,0,1.65,0
383,383-3,0,2,0,1.52,0
383,383-2,0,0,0,1.56,0
383,383-1,2,1,0,1.78,2
384,384-5,0,1,0,1.97,0
384,384-4,0,2,0,1.76,0
384,384-3,2,0,0,1.68,0
384,384-2,3,0,0,1.83,0
384,384-1,0,3,0,1.98,0
385,385-1,2,1,0,1.69,3
386,386-1,1,0,0,1.75,0
387,387-5,2,2,0,1.91,0
387,387-4,2,0,0,1.93,0
387,387-3,0,1,0,1.76,2
387,387-2,0,1,0,1.59,0
387,387-1,2,2,0,1.75,0
388,388-5,0,2,0,1.79,0
388,388-4,0,1,0,1.69,0
388,388-3,0,0,0,1.83,0
388,388-2,0,2,0,1.73,0
388,388-1,0,2,0,1.84,0
389,389-4,0,0,0,1.88,0
389,389-3,3,0,0,1.57,0
389,389-2,0,3,0,1.84,0
389,389-1,0,0,0,1.91,5
390,390-5,0,4,0,1.81,0
390,390-4,2,0,0,1.59,0
390,390-3,2,1,0,1.82,0
390,390-2,1,0,0,1.9,0
390,390-1,3,0,0,1.73,0
391,391-2,1,2,0,1.8,0
391,391-1,0,3,0,1.74,0
392,392-3,1,1,0,1.63,4
392,392-2,1,1,0,1.91,0
392,392-1,0,0,0,1.75,0
393,393-5,1,0,0,1.59,0
393,393-4,2,0,0,1.94,0
393,393-3,0,1,0,1.64,0
393,393-2,3,2,0,1.82,0
393,393-1,1,0,0,1.68,1
394,394-3,1,1,0,1.62,0
394,394-2,1,0,0,1.7,0
394,394-1,1,0,0,1.77,0
395,395-1,0,1,0,1.96,1
396,396-1,0,0,0,1.74,0
397,397-4,1,1,0,1.76,0
397,397-3,2,0,0,1.68,0
397,397-2,2,0,0,1.61,0
397,397-1,1,2,0,1.9,0
398,398-1,0,0,0,1.58,0
399,399-5,0,1,0,1.69,1
399,399-4,2,0,0,1.82,0
399,399-3,2,2,0,1.96,0
399,399-2,2,4,0,1.83,0
399,399-1,1,0,0,1.91,0
400,400-4,1,1,0,1.75,8
400,400-3,1,0,0,1.5,0
400,400-2,1,0,0,1.8,7
400,400-1,0,1,0,1.9,3
401,401-2,0,0,0,1.75,0
401,401-1,0,1,0,1.85,0
402,402-1,0,0,0,1.94,0
403,403-4,2,0,0,1.89,0
403,403-3,0,1,0,1.68,0
403,403-2,2,0,0,1.81,0
403,403-1,2,0,0,1.82,0
404,404-4,0,1,0,1.85,0
404,404-3,2,2,0,1.77,0
404,404-2,0,1,0,1.65,0
404,404-1,1,2,0,1.85,2
405,405-2,2,2,0,1.89,0
405,405-1,1,1,0,1.92,0
406,406-1,1,0,0,1.87,0
407,407-1,2,1,0,1.62,0
408,408-1,1,1,0,1.95,3
409,409-5,1,1,0,1.72,0
409,409-4,1,0,0,1.7,0
409,409-3,1,0,0,1.8,0
409,409-2,0,2,0,1.89,0
409,409-1,1,1,0,1.92,0
410,410-5,2,0,0,1.67,0
410,410-4,1,2,0,1.9,0
410,410-3,1,0,0,1.75,0
410,410-2,1,1,0,1.92,0
410,410-1,1,0,0,1.88,0
411,411-2,0,3,0,1.6,0
411,411-1,0,1,0,1.92,5
412,412-2,1,0,0,1.66,0
412,412-1,2,1,0,1.86,0
413,413-3,2,1,0,1.74,0
413,413-2,1,4,0,1.84,0
413,413-1,0,1,0,1.75,0
414,414-2,2,2,0,1.83,0
414,414-1,0,0,0,1.88,0
415,415-4,2,1,0,1.95,0
415,415-3,0,0,0,1.96,0
415,415-2,0,0,0,1.96,0
415,415-1,0,2,0,1.77,0
416,416-1,1,0,0,1.75,4
417,417-1,2,0,0,1.92,3
418,418-5,2,0,0,1.69,0
418,418-4,1,1,0,1.93,0
418,418-3,1,0,0,1.62,0
418,418-2,2,3,0,1.83,0
418,418-1,1,1,0,1.69,0
419,419-2,0,2,0,1.77,0
419,419-1,1,1,0,1.78,5
420,420-2,1,1,0,1.81,0
420,420-1,1,1,0,1.75,0
421,421-5,0,2,0,1.79,2
421,421-4,0,0,0,1.86,0
421,421-3,2,0,0,1.75,0
421,421-2,1,1,0,1.67,0
421,421-1,4,2,0,1.82,0
422,422-5,0,0,0,1.69,0
422,422-4,0,2,0,1.74,0
422,422-3,1,0,0,1.87,0
422,422-2,2,3,0,1.95,0
422,422-1,4,2,0,1.45,0
423,423-5,3,2,0,1.64,0
423,423-4,1,1,0,1.65,0
423,423-3,1,3,0,1.68,0
423,423-2,0,1,0,1.76,0
423,423-1,1,0,0,1.78,0
424,424-5,1,0,0,1.71,1
424,424-4,2,1,0,1.7,0
424,424-3,1,2,0,1.78,0
424,424-2,1,0,0,1.93,0
424,424-1,0,1,0,1.8,0
425,425-2,1,0,0,1.79,0
425,425-1,0,0,0,1.77,0
426,426-1,0,1,0,1.96,0
427,427-1,4,1,1,1.47,0
427,427-3,1,1,0,1.86,0
427,427-2,2,1,0,1.75,1
428,428-4,2,1,1,1.97,0
428,428-3,2,0,1,1.63,0
428,428-5,1,2,0,1.9,0
428,428-2,1,3,0,1.62,0
428,428-1,1,5,0,1.93,0
429,429-2,1,0,1,2.0,0
429,429-1,4,0,1,1.98,0
429,429-4,1,0,0,1.6,0
429,429-3,1,0,0,1.49,0
430,430-2,3,2,1,1.7,8
430,430-1,0,0,0,1.6,0
431,431-1,0,1,7,1.97,0
432,432-1,1,1,0,1.84,7
433,433-1,2,1,1,1.78,1
433,433-3,0,0,0,1.66,0
433,433-2,0,1,0,1.61,0
434,434-1,1,5,1,1.81,0
435,435-2,2,1,1,1.86,0
435,435-4,1,0,1,1.7,0
435,435-1,3,0,1,1.75,0
435,435-3,2,1,0,1.9,0
436,436-5,0,4,1,1.63,0
436,436-4,1,1,1,1.92,0
436,436-3,2,1,0,1.81,0
436,436-2,1,2,0,1.52,0
436,436-1,0,3,0,1.59,0
437,437-5,1,1,1,1.77,0
437,437-4,1,0,0,1.91,9
437,437-3,2,2,0,1.71,1
437,437-2,0,0,0,1.86,0
437,437-1,1,2,0,1.62,0
438,438-3,1,1,1,1.75,0
438,438-2,2,2,1,1.92,0
438,438-5,0,3,0,1.87,0
438,438-4,2,0,0,1.77,0
438,438-1,0,3,0,1.58,0
439,439-3,1,1,7,1.68,0
439,439-2,0,0,1,1.76,0
439,439-4,1,2,0,1.96,0
439,439-1,0,1,0,1.58,0
440,440-3,1,1,0,1.74,0
440,440-2,2,1,0,2.0,0
440,440-1,2,1,0,1.88,0
441,441-3,0,1,1,1.56,0
441,441-1,2,2,1,1.79,0
441,441-2,0,0,0,1.83,0
442,442-2,0,1,1,1.63,0
442,442-1,2,1,1,1.82,0
442,442-3,0,1,0,1.5,1
443,443-1,0,2,0,1.75,0
444,444-1,0,2,0,1.48,0
445,445-2,0,1,0,1.63,0
445,445-1,0,1,0,1.76,0
446,446-4,1,1,1,1.78,0
446,446-3,1,3,1,1.9,0
446,446-2,0,0,1,1.87,0
446,446-1,2,1,0,1.83,0
447,447-2,0,1,1,1.73,8
447,447-1,0,2,0,1.85,0
448,448-3,0,2,1,1.82,3
448,448-1,2,4,3,1.78,0
448,448-2,2,1,0,1.65,0
448,448-4,0,0,0,1.85,0
449,449-3,0,0,11,1.63,0
449,449-4,0,0,1,1.92,0
449,449-1,1,0,1,1.95,0
449,449-5,1,3,0,1.64,0
449,449-2,1,0,0,1.85,0
450,450-1,1,0,0,1.38,1
451,451-1,0,2,1,1.96,0
451,451-3,2,1,1,1.69,0
451,451-2,0,1,0,1.69,0
451,451-5,1,0,0,1.9,0
451,451-4,2,2,0,1.88,0
452,452-1,0,1,0,1.66,0
453,453-2,0,0,1,1.8,0
453,453-1,1,1,1,1.68,0
454,454-1,1,2,6,1.79,0
454,454-2,4,2,3,1.69,0
454,454-4,1,3,0,1.6,0
454,454-3,1,2,0,1.77,0
455,455-3,2,3,1,1.83,0
455,455-2,1,0,1,1.44,0
455,455-4,0,3,3,1.68,2
455,455-1,0,2,3,1.82,0
455,455-5,1,0,0,1.74,0
456,456-4,1,0,1,1.88,0
456,456-2,0,1,1,1.8,0
456,456-3,4,1,3,1.99,0
456,456-5,2,0,0,1.99,0
456,456-1,0,2,0,1.81,1
457,457-1,2,4,6,1.79,0
457,457-4,0,0,3,1.99,0
457,457-3,1,1,3,1.92,0
457,457-2,0,0,0,1.83,0
457,457-5,1,1,0,1.73,0
458,458-2,2,2,0,1.88,0
458,458-1,0,0,0,1.64,0
458,458-3,1,0,0,1.64,0
459,459-4,0,0,1,1.79,0
459,459-2,2,3,0,1.88,0
459,459-1,0,1,0,1.84,0
459,459-3,0,1,0,1.64,0
460,460-4,0,0,7,1.82,0
460,460-2,1,1,6,1.68,0
460,460-3,0,2,3,1.85,0
460,460-1,0,2,0,1.98,0
461,461-4,1,0,6,1.95,0
461,461-3,0,1,3,1.65,0
461,461-1,0,0,3,1.89,0
461,461-2,1,0,0,1.96,0
462,462-1,0,0,6,1.95,0
462,462-3,0,2,3,1.81,0
462,462-2,0,3,3,1.59,0
462,462-4,1,0,0,1.74,0
463,463-1,0,1,1,1.85,0
463,463-2,1,1,3,1.8,0
464,464-3,0,0,7,1.48,3
464,464-2,1,2,6,1.98,4
464,464-1,1,1,0,1.61,1
465,465-2,1,1,1,1.89,0
465,465-3,1,1,3,1.64,2
465,465-1,2,1,3,1.7,0
465,465-5,0,0,0,1.74,0
465,465-4,3,0,0,1.73,0
466,466-1,2,1,3,1.68,0
467,467-1,0,2,1,1.73,0
468,468-2,0,1,1,1.57,0
468,468-1,2,2,3,1.98,2
468,468-4,1,0,0,1.78,0
468,468-3,1,2,0,1.79,0
469,469-1,1,1,7,1.58,0
469,469-2,2,1,1,1.59,0
470,470-1,0,0,3,1.74,0
471,471-2,0,0,3,1.88,0
471,471-1,2,1,1,1.88,13
472,472-3,1,0,6,1.8,0
472,472-1,2,2,1,1.87,0
472,472-2,0,0,3,1.75,0
473,473-4,0,2,3,1.42,5
473,473-1,0,1,3,1.62,0
473,473-3,2,2,1,1.7,0
473,473-2,2,0,1,1.57,2
474,474-3,0,1,3,1.98,0
474,474-1,1,1,3,1.69,0
474,474-2,0,0,1,1.55,4
475,475-3,0,2,6,1.69,0
475,475-1,1,1,3,1.79,3
475,475-2,1,1,1,1.47,0
476,476-4,0,2,1,1.95,0
476,476-3,3,2,1,1.53,0
476,476-2,3,1,1,1.82,0
476,476-1,2,2,1,1.95,0
477,477-2,1,1,7,1.93,0
477,477-5,1,2,1,2.0,0
477,477-1,0,1,1,1.86,1
477,477-3,1,3,3,1.78,0
477,477-4,1,0,0,1.69,0
478,478-3,1,0,3,1.93,0
478,478-2,3,0,3,1.59,0
478,478-4,1,0,1,1.53,0
478,478-1,1,0,1,1.95,0
479,479-1,2,2,3,1.84,0
479,479-2,2,0,1,1.86,0
480,480-1,1,2,6,1.79,0
480,480-2,2,2,1,1.88,0
481,481-1,0,0,4,1.52,0
481,481-2,3,4,1,1.9,0
482,482-1,1,0,4,1.66,0
483,483-1,3,0,4,1.68,0
483,483-2,1,1,1,1.78,0
484,484-1,1,1,1,1.73,0
485,485-1,0,1,4,1.75,2
485,485-3,0,0,0,1.83,0
485,485-2,0,1,0,1.93,1
486,486-2,2,0,4,1.57,0
486,486-3,3,1,1,1.96,0
486,486-1,2,0,1,1.67,0
487,487-1,1,2,7,1.99,2
487,487-2,0,1,6,1.72,0
487,487-4,2,0,3,1.61,0
487,487-5,4,0,1,1.94,0
487,487-3,0,0,1,1.97,0
488,488-1,1,0,9,1.96,0
488,488-5,0,1,3,1.64,2
488,488-4,0,2,1,1.64,0
488,488-3,1,1,1,1.76,0
488,488-2,1,1,1,1.89,0
489,489-4,1,3,6,1.93,4
489,489-2,3,1,3,1.9,0
489,489-3,1,2,1,1.72,0
489,489-1,0,1,0,1.89,0
490,490-2,2,1,4,1.71,0
490,490-5,0,3,3,1.78,0
490,490-1,0,0,3,1.78,0
490,490-4,1,1,1,1.97,0
490,490-3,3,0,1,1.86,0
491,491-3,2,0,4,1.87,0
491,491-1,3,1,3,1.78,0
491,491-2,0,0,1,1.72,0
492,492-3,2,2,4,1.9,0
492,492-4,0,1,3,1.7,0
492,492-2,2,0,3,1.9,0
492,492-1,0,1,1,2.0,0
493,493-1,3,0,3,1.64,0
494,494-1,0,2,3,1.95,5
494,494-2,2,0,1,1.84,0
495,495-2,1,1,6,1.59,0
495,495-1,2,3,3,1.93,0
495,495-3,2,1,1,1.82,0
496,496-3,1,0,7,1.79,0
496,496-1,0,1,3,1.6,1
496,496-2,1,0,1,1.51,0
496,496-4,1,0,0,1.74,0
497,497-2,1,2,6,1.7,0
497,497-4,0,2,4,1.52,0
497,497-3,1,1,1,1.73,0
497,497-1,1,0,1,1.78,0
498,498-1,0,3,1,1.95,0
499,499-1,0,1,6,1.77,0
499,499-3,2,1,1,1.82,0
499,499-2,3,0,1,1.58,0
500,500-1,1,2,3,1.84,0
501,501-2,1,1,7,1.56,0
501,501-3,0,3,3,1.6,0
501,501-1,1,2,1,1.92,0
502,502-2,3,1,6,1.69,0
502,502-3,1,0,3,1.72,0
502,502-1,0,0,3,1.75,0
503,503-1,0,0,0,1.84,0
504,504-1,0,2,4,1.86,0
505,505-2,0,2,3,1.71,0
505,505-1,0,0,1,1.61,0
506,506-2,2,3,1,1.59,0
506,506-1,0,0,1,1.96,0
506,506-3,0,2,0,1.97,0
507,507-1,0,0,3,1.96,0
508,508-1,0,2,3,1.74,0
509,509-1,1,0,6,2.0,0
510,510-1,0,0,4,1.7,0
510,510-3,2,2,3,1.84,0
510,510-2,0,0,1,1.83,0
511,511-1,2,1,0,1.75,0
512,512-2,1,2,4,1.98,0
512,512-3,3,2,1,1.57,0
512,512-1,1,0,0,1.96,0
513,513-2,1,2,7,1.99,0
513,513-4,1,0,4,2.0,0
513,513-3,0,0,1,1.57,0
513,513-1,2,0,1,1.88,3
514,514-2,0,3,4,1.64,0
514,514-3,1,1,3,1.57,4
514,514-4,2,0,1,1.75,0
514,514-1,0,0,0,1.87,0
515,515-2,3,0,6,1.96,0
515,515-3,0,0,4,1.39,0
515,515-1,1,2,4,1.93,0
515,515-4,1,1,3,1.84,0
515,515-5,1,0,1,1.61,0
516,516-4,0,1,7,1.99,0
516,516-3,1,0,4,1.75,0
516,516-2,0,0,4,1.84,0
516,516-1,0,2,4,1.69,0
516,516-5,2,0,1,1.8,0
517,517-3,2,0,4,1.76,2
517,517-4,0,2,3,1.78,0
517,517-2,1,0,1,1.55,0
517,517-1,1,1,1,1.67,0
518,518-1,0,1,9,1.82,1
518,518-3,0,0,4,1.82,0
518,518-4,0,0,3,1.82,0
518,518-2,1,0,0,1.95,0
519,519-1,0,0,0,1.85,0
520,520-1,2,0,6,1.96,0
520,520-4,0,2,1,1.69,1
520,520-3,3,0,1,1.57,0
520,520-2,2,0,1,1.69,0
521,521-1,0,1,9,1.9,0
521,521-3,2,0,4,1.7,0
521,521-2,1,1,4,1.7,0
522,522-3,1,0,4,1.75,1
522,522-2,2,0,3,1.86,0
522,522-1,1,0,1,1.54,0
523,523-1,3,0,4,1.89,0
523,523-2,1,2,1,1.96,0
524,524-1,0,3,4,1.94,0
524,524-3,3,0,3,1.51,0
524,524-2,2,1,3,1.61,0
524,524-5,1,3,1,1.54,0
524,524-4,1,1,1,2.0,0
525,525-4,2,1,3,1.81,0
525,525-3,2,1,3,1.81,0
525,525-1,1,1,3,1.91,3
525,525-5,0,1,1,1.66,0
525,525-2,1,1,0,1.97,0
526,526-2,0,2,3,1.79,0
526,526-1,0,1,1,1.79,0
527,527-1,1,0,3,1.56,0
528,528-1,2,3,3,1.77,0
529,529-1,0,0,1,1.78,0
530,530-5,1,0,4,1.7,0
530,530-2,1,1,4,1.85,0
530,530-1,2,0,4,1.71,0
530,530-4,2,1,3,1.85,0
530,530-3,3,1,1,1.7,0
531,531-2,2,1,4,1.73,0
531,531-3,2,0,3,1.88,0
531,531-1,0,1,1,1.73,0
532,532-1,0,0,3,1.63,0
533,533-1,1,2,7,1.96,0
533,533-4,1,3,3,1.75,0
533,533-3,1,1,0,1.59,1
533,533-2,1,0,0,1.97,0
534,534-5,2,0,10,1.94,0
534,534-3,0,2,6,1.57,0
534,534-2,1,1,4,1.79,0
534,534-4,1,3,3,1.69,0
534,534-1,1,1,0,1.99,0
535,535-1,2,1,7,1.66,0
535,535-3,2,0,4,1.83,0
535,535-2,2,3,1,1.94,0
535,535-4,1,0,0,1.82,2
536,536-2,2,3,4,1.97,0
536,536-1,0,0,4,1.93,0
537,537-2,1,0,1,1.79,0
537,537-1,2,2,1,1.63,0
538,538-1,3,0,1,1.6,0
539,539-3,1,1,3,1.81,2
539,539-2,0,3,3,1.79,0
539,539-1,1,1,3,1.55,0
540,540-2,1,1,3,1.8,1
540,540-3,0,1,1,1.79,0
540,540-5,1,3,0,1.92,0
540,540-4,3,1,0,1.74,1
540,540-1,2,0,0,1.88,0
541,541-1,1,0,4,1.65,5
541,541-4,1,3,1,1.82,0
541,541-3,0,1,0,1.66,2
541,541-2,0,1,0,1.87,0
542,542-4,1,0,3,1.62,0
542,542-1,1,0,3,1.9,0
542,542-3,2,0,1,1.8,0
542,542-2,0,2,0,1.6,0
543,543-1,1,1,3,1.77,0
543,543-4,2,0,1,1.65,0
543,543-3,1,0,1,1.61,6
543,543-2,0,2,1,1.71,0
544,544-2,2,0,3,1.75,0
544,544-1,1,2,1,1.68,0
545,545-1,0,1,9,1.96,0
545,545-2,1,1,3,1.67,0
546,546-1,2,0,1,1.75,0
547,547-2,1,0,4,2.0,0
547,547-1,1,0,3,1.67,0
548,548-2,0,0,3,1.73,0
548,548-5,1,2,1,1.72,0
548,548-4,1,3,1,1.79,0
548,548-1,1,2,1,1.85,0
548,548-3,1,3,0,1.85,0
549,549-2,2,1,4,1.97,0
549,549-1,0,3,3,1.84,0
550,550-1,1,0,1,1.87,0
551,551-2,1,1,4,1.96,0
551,551-1,0,1,4,1.78,0
551,551-4,1,1,3,1.9,0
551,551-3,2,2,3,1.83,0
551,551-5,0,1,1,1.95,0
552,552-1,0,2,7,1.91,0
553,553-5,0,2,7,1.64,0
553,553-1,0,1,6,1.95,0
553,553-3,2,0,3,1.91,0
553,553-4,0,2,0,1.61,0
553,553-2,0,0,0,1.71,0
554,554-3,0,0,1,1.7,0
554,554-2,1,0,1,1.91,0
554,554-1,1,2,1,1.72,2
555,555-3,0,1,6,1.63,0
555,555-5,2,0,4,1.58,2
555,555-4,1,1,3,1.75,0
555,555-1,0,1,1,1.84,0
555,555-2,2,0,0,1.62,0
556,556-2,1,2,6,1.8,1
556,556-4,0,3,3,1.9,0
556,556-1,1,2,1,1.77,1
556,556-3,2,2,0,1.92,0
557,557-2,2,0,3,1.65,3
557,557-3,2,0,1,1.72,0
557,557-1,1,0,1,1.88,0
558,558-1,1,1,4,1.5,0
558,558-2,1,1,3,1.7,0
558,558-4,1,1,1,1.72,4
558,558-3,1,4,1,1.5,0
559,559-3,2,0,6,1.58,0
559,559-1,2,2,6,1.81,0
559,559-2,3,1,3,1.6,0
560,560-2,0,0,4,1.75,0
560,560-5,1,0,3,1.73,2
560,560-3,1,1,1,1.86,0
560,560-1,0,1,1,1.94,0
560,560-4,0,0,0,1.24,0
561,561-5,1,2,6,1.91,0
561,561-3,1,2,4,1.45,0
561,561-4,2,0,3,2.0,0
561,561-2,0,0,3,1.61,0
561,561-1,0,2,1,1.67,0
562,562-2,0,1,7,1.8,2
562,562-4,0,0,6,1.7,0
562,562-3,0,1,4,1.71,0
562,562-1,0,2,1,1.5,0
563,563-2,0,3,6,1.55,0
563,563-4,0,1,3,1.76,0
563,563-1,0,1,3,1.74,0
563,563-3,2,3,1,1.49,0
564,564-2,2,0,0,1.77,0
564,564-1,2,0,0,1.7,0
565,565-4,0,0,6,1.61,0
565,565-3,3,1,1,1.74,0
565,565-1,1,0,1,1.87,3
565,565-2,0,1,0,1.86,0
566,566-1,2,3,4,1.99,0
566,566-2,0,2,1,1.63,0
567,567-1,0,1,4,1.79,0
568,568-1,1,0,3,1.65,0
569,569-1,2,0,0,1.96,0
570,570-2,0,3,3,1.69,0
570,570-1,1,0,3,1.87,0
570,570-3,0,2,0,1.71,0
571,571-2,0,1,7,1.64,0
571,571-1,1,1,3,1.79,0
571,571-3,0,1,0,1.56,0
572,572-1,1,2,4,1.9,0
572,572-2,1,0,3,1.83,0
573,573-1,0,2,3,1.95,0
573,573-2,0,0,1,1.63,0
574,574-1,0,4,4,1.77,0
574,574-2,1,0,1,1.67,0
575,575-1,1,0,0,1.86,0
576,576-5,1,0,4,1.99,7
576,576-2,2,4,4,1.69,0
576,576-4,1,2,3,1.74,0
576,576-3,0,1,3,1.94,0
576,576-1,0,1,3,1.76,0
577,577-2,0,0,0,1.67,0
577,577-1,1,1,0,2.0,0
578,578-2,0,1,6,1.83,0
578,578-1,3,0,3,1.78,0
579,579-1,1,0,7,1.84,0
579,579-3,0,0,4,1.71,0
579,579-2,2,2,3,1.76,0
579,579-4,0,2,1,1.83,0
580,580-2,2,0,7,1.75,0
580,580-4,1,0,4,1.66,0
580,580-1,1,0,4,1.85,0
580,580-5,1,1,1,1.89,0
580,580-3,3,0,1,1.81,1
581,581-2,0,3,4,1.59,0
581,581-3,1,1,3,1.42,0
581,581-5,2,0,1,1.57,0
581,581-4,2,0,1,1.83,0
581,581-1,0,1,0,1.29,0
582,582-1,1,0,3,1.75,0
582,582-2,0,2,1,1.58,0
583,583-4,1,0,9,1.8,0
583,583-3,5,0,3,1.78,0
583,583-2,0,0,3,1.91,0
583,583-1,3,0,1,1.7,0
584,584-1,0,2,9,1.78,0
584,584-3,0,1,4,1.9,0
584,584-2,1,1,1,1.88,0
585,585-5,1,3,6,1.84,0
585,585-4,1,0,4,1.67,0
585,585-2,3,0,4,1.73,0
585,585-3,1,0,1,1.87,0
585,585-1,0,0,1,1.58,0
586,586-4,1,2,4,1.75,0
586,586-2,0,0,4,1.62,0
586,586-3,1,0,1,1.93,0
586,586-1,0,1,0,1.89,0
587,587-4,1,1,6,2.0,0
587,587-3,4,0,3,1.78,0
587,587-1,1,1,3,1.89,0
587,587-2,3,0,1,1.72,0
588,588-2,0,0,7,1.59,0
588,588-1,0,3,6,1.82,0
589,589-2,0,0,4,1.85,0
589,589-3,1,0,3,1.96,0
589,589-1,1,1,1,1.99,0
589,589-4,1,0,0,1.76,0
590,590-1,1,1,4,1.81,0
590,590-5,3,0,3,2.0,0
590,590-4,1,1,1,1.95,0
590,590-3,2,2,1,1.84,0
590,590-2,0,2,1,1.84,0
591,591-1,1,3,4,1.75,0
591,591-2,0,0,1,1.82,0
592,592-2,1,0,7,1.95,0
592,592-5,1,0,4,1.84,0
592,592-1,1,0,4,1.83,1
592,592-4,0,0,3,1.85,0
592,592-3,0,0,0,1.74,0
593,593-3,0,1,4,1.71,0
593,593-2,0,1,4,1.73,0
593,593-4,0,1,3,1.96,0
593,593-5,0,1,1,1.77,0
593,593-1,0,1,0,1.56,0
594,594-4,0,1,9,1.82,0
594,594-3,0,0,1,1.29,0
594,594-1,1,1,1,1.88,0
594,594-2,0,0,0,1.82,0
595,595-3,2,0,4,1.76,0
595,595-2,2,0,4,1.94,0
595,595-4,1,1,1,1.83,0
595,595-1,0,2,1,1.99,0
596,596-2,2,1,7,1.98,0
596,596-4,0,0,4,1.86,0
596,596-3,1,0,4,1.85,4
596,596-1,0,0,1,1.75,0
596,596-5,1,0,0,1.94,0
597,597-3,1,2,4,1.82,0
597,597-2,1,1,4,1.72,0
597,597-1,0,1,1,1.62,0
597,597-4,0,1,0,1.75,0
598,598-1,1,2,6,1.88,0
599,599-2,1,1,4,1.82,0
599,599-4,0,0,3,1.79,0
599,599-3,2,1,1,1.57,0
599,599-1,1,0,0,1.75,0
600,600-4,3,0,4,1.69,0
600,600-1,2,2,3,1.9,0
600,600-3,0,1,0,1.78,0
600,600-2,1,1,0,1.96,0
601,601-3,1,0,3,2.0,0
601,601-2,1,1,1,1.79,0
601,601-1,2,0,1,1.97,0
602,602-2,0,0,4,1.78,0
602,602-1,1,0,3,2.0,0
602,602-3,3,2,0,1.96,0
603,603-1,0,0,6,1.95,3
603,603-2,1,0,3,1.99,0
603,603-5,0,1,1,1.56,0
603,603-4,0,0,1,1.83,0
603,603-3,0,0,1,1.84,0
604,604-1,1,1,6,1.99,0
605,605-5,0,3,7,1.66,0
605,605-3,1,2,4,1.84,0
605,605-2,1,1,4,1.39,0
605,605-4,0,1,1,1.65,0
605,605-1,1,2,1,1.92,0
606,606-3,1,1,3,1.52,0
606,606-2,0,2,3,1.7,0
606,606-1,0,2,3,1.85,0
606,606-5,1,2,1,1.76,0
606,606-4,1,1,1,1.85,0
607,607-4,0,0,3,1.96,0
607,607-3,0,0,3,1.93,0
607,607-2,0,2,1,1.66,0
607,607-1,0,1,1,1.85,0
608,608-2,2,0,6,1.97,0
608,608-3,5,0,0,1.74,0
608,608-1,2,2,0,1.79,6
609,609-2,1,2,4,1.96,0
609,609-1,1,0,0,1.84,5
610,610-2,1,2,7,1.73,0
610,610-1,0,1,6,1.91,0
610,610-3,0,4,1,1.89,0
611,611-5,1,1,4,1.79,0
611,611-4,0,2,4,1.48,0
611,611-2,0,1,1,1.74,0
611,611-3,1,2,0,1.87,0
611,611-1,1,0,0,1.98,0
612,612-5,2,3,3,1.78,0
612,612-4,1,1,1,1.77,0
612,612-3,2,2,1,1.83,0
612,612-2,0,3,1,1.86,0
612,612-1,1,2,1,1.66,0
613,613-2,2,1,4,1.94,0
613,613-5,0,2,3,1.97,3
613,613-3,3,0,3,1.77,0
613,613-4,1,1,1,1.56,0
613,613-1,0,2,1,1.79,0
614,614-1,0,1,3,1.95,0
615,615-1,0,1,4,1.67,0
615,615-4,1,1,1,1.65,0
615,615-2,1,0,1,1.64,0
615,615-3,0,2,0,1.89,0
616,616-3,0,0,4,1.89,0
616,616-1,0,3,4,1.67,0
616,616-2,0,2,3,1.59,0
617,617-5,2,0,4,1.74,0
617,617-2,2,0,3,1.69,0
617,617-1,2,1,3,1.72,0
617,617-4,0,3,0,1.69,0
617,617-3,0,0,0,1.81,0
618,618-3,1,2,1,1.81,0
618,618-1,1,0,1,1.76,0
618,618-2,0,1,0,1.54,0
619,619-3,0,2,1,1.76,0
619,619-2,0,1,1,1.98,0
619,619-1,1,1,0,1.57,0
620,620-4,1,2,3,1.66,0
620,620-1,0,0,3,1.86,0
620,620-3,2,1,1,1.74,2
620,620-2,0,0,1,1.84,0
621,621-3,0,0,7,2.0,0
621,621-2,1,0,3,1.76,0
621,621-1,2,1,1,1.71,0
621,621-4,2,1,0,1.74,0
622,622-1,0,2,4,2.0,0
623,623-2,3,1,3,1.96,0
623,623-1,1,1,3,1.74,0
624,624-1,1,0,3,1.72,0
625,625-1,3,1,4,1.81,0
626,626-1,1,0,4,1.74,0
627,627-1,1,2,0,1.76,0
628,628-1,3,0,4,1.51,0
628,628-3,1,1,3,1.51,0
628,628-2,2,0,1,1.98,0
629,629-1,1,1,4,1.84,0
629,629-2,0,5,1,1.75,0
629,629-3,2,2,0,1.71,0
630,630-1,1,1,3,1.68,0
631,631-2,0,0,6,1.7,0
631,631-1,0,1,6,1.63,0
631,631-5,1,2,3,1.7,0
631,631-4,1,0,3,1.91,0
631,631-3,1,1,3,1.83,0
632,632-3,0,0,3,1.76,0
632,632-2,1,1,3,1.5,0
632,632-1,1,1,1,1.58,0
633,633-1,2,0,4,1.97,0
633,633-2,2,1,1,1.75,0
633,633-3,0,0,0,1.77,0
634,634-4,0,2,6,1.86,0
634,634-3,3,1,3,1.94,0
634,634-2,1,0,3,1.64,0
634,634-5,1,1,1,1.65,0
634,634-1,0,0,1,1.86,0
635,635-3,1,1,3,1.96,0
635,635-2,2,0,3,1.84,0
635,635-1,0,1,1,1.95,0
636,636-1,0,0,0,1.69,0
637,637-3,2,0,3,1.76,0
637,637-2,2,2,3,1.67,0
637,637-1,0,0,0,1.76,5
638,638-3,1,1,1,1.81,0
638,638-2,1,3,1,1.94,0
638,638-1,4,1,0,1.66,0
639,639-1,0,0,4,1.64,0
639,639-4,1,1,1,1.98,0
639,639-3,1,0,1,1.83,0
639,639-2,0,2,1,1.73,0
640,640-3,1,2,6,1.88,0
640,640-2,2,1,6,1.63,0
640,640-1,1,0,1,1.84,0
641,641-1,2,3,1,1.95,0
641,641-2,1,1,0,1.78,4
642,642-1,1,0,6,1.63,0
642,642-3,0,0,4,1.78,0
642,642-4,0,1,3,1.48,0
642,642-2,1,1,1,1.58,0
643,643-2,0,0,4,2.0,1
643,643-3,2,0,3,1.89,0
643,643-1,1,3,1,1.65,0
644,644-2,2,2,10,1.65,0
644,644-3,1,1,4,1.84,0
644,644-4,2,1,3,1.95,0
644,644-1,0,1,0,1.96,0
645,645-2,0,1,6,1.72,0
645,645-1,0,0,6,1.69,0
645,645-4,2,1,4,1.74,0
645,645-3,2,1,0,1.75,1
646,646-2,0,3,6,1.79,0
646,646-3,0,3,4,1.7,0
646,646-1,1,1,3,1.66,0
646,646-5,1,1,1,1.72,0
646,646-4,2,0,1,1.65,0
647,647-3,0,0,4,1.74,0
647,647-1,3,2,4,1.77,3
647,647-5,0,0,3,1.81,0
647,647-4,0,2,0,1.78,0
647,647-2,3,0,0,1.72,0
648,648-3,1,2,4,1.67,0
648,648-2,1,2,4,1.62,0
648,648-4,3,2,3,1.69,0
648,648-1,1,1,3,1.8,0
648,648-5,0,1,1,1.92,0
649,649-2,1,1,3,1.63,4
649,649-3,1,1,1,1.91,0
649,649-1,2,2,1,1.73,0
650,650-5,1,3,3,1.84,7
650,650-2,0,1,3,1.63,3
650,650-1,1,0,3,1.9,0
650,650-4,0,2,1,1.71,0
650,650-3,1,5,1,1.81,0
651,651-1,1,1,0,1.97,0
652,652-1,1,1,1,1.55,0
653,653-1,2,3,6,1.84,2
653,653-2,0,0,3,1.81,0
653,653-3,0,0,0,2.0,0
654,654-4,0,4,3,1.97,0
654,654-3,1,3,1,1.73,0
654,654-2,0,2,0,1.7,0
654,654-1,3,0,0,1.72,0
655,655-1,1,1,3,1.78,0
655,655-3,1,5,1,1.81,0
655,655-2,1,1,1,1.56,0
656,656-2,1,0,3,1.67,0
656,656-1,1,3,1,1.64,0
657,657-1,0,0,3,1.79,0
658,658-1,3,0,4,1.7,0
658,658-2,0,0,1,1.96,0
659,659-1,1,1,4,1.78,0
660,660-1,2,2,0,1.7,0
661,661-4,0,0,6,1.75,0
661,661-3,2,0,6,1.77,0
661,661-1,1,0,4,1.77,0
661,661-2,3,0,3,1.82,0
662,662-2,0,2,7,2.0,0
662,662-4,0,0,4,1.71,0
662,662-3,1,1,1,1.95,0
662,662-1,1,0,1,1.61,3
663,663-1,1,2,7,1.74,0
663,663-2,0,0,4,1.51,0
663,663-3,0,0,3,1.65,5
664,664-3,1,2,3,1.7,4
664,664-2,0,4,1,1.82,0
664,664-1,0,0,1,1.74,0
665,665-4,0,2,6,1.79,0
665,665-3,2,2,3,1.75,0
665,665-2,0,2,0,1.48,0
665,665-1,1,1,0,1.82,2
666,666-5,1,2,3,1.94,0
666,666-3,3,3,3,1.95,0
666,666-2,1,1,3,1.78,0
666,666-1,1,0,3,1.73,0
666,666-4,1,2,0,1.74,0
667,667-2,1,1,6,1.63,0
667,667-4,0,1,1,1.8,0
667,667-3,2,2,1,1.91,0
667,667-1,1,0,1,1.82,0
668,668-3,1,2,4,2.0,0
668,668-5,1,0,3,1.69,0
668,668-4,0,1,1,1.67,0
668,668-2,1,0,0,1.73,0
668,668-1,1,0,0,1.98,0
669,669-1,1,2,3,1.6,0
669,669-2,1,0,0,1.52,0
670,670-2,1,2,3,1.84,0
670,670-1,1,0,1,1.77,0
671,671-2,0,0,3,1.76,0
671,671-1,1,0,3,1.84,3
672,672-5,1,3,3,1.79,0
672,672-3,2,2,3,1.43,0
672,672-2,3,3,3,1.8,0
672,672-1,2,0,3,1.82,0
672,672-4,0,3,1,1.82,0
673,673-3,1,2,7,1.96,0
673,673-4,0,1,3,1.84,3
673,673-2,2,1,3,1.76,0
673,673-1,0,0,3,1.74,0
674,674-2,0,1,3,1.65,13
674,674-1,0,1,0,1.84,0
675,675-5,0,1,3,1.47,0
675,675-3,0,1,3,1.8,0
675,675-1,0,1,3,1.87,0
675,675-4,0,1,1,1.65,0
675,675-2,0,0,0,1.98,0
676,676-1,0,1,4,1.59,0
676,676-3,0,1,3,1.81,0
676,676-2,0,3,1,1.96,0
677,677-1,0,0,9,1.63,0
677,677-3,0,0,3,1.83,5
677,677-2,0,1,0,1.94,0
678,678-1,0,0,1,1.71,0
679,679-3,0,0,3,1.71,0
679,679-2,0,0,1,2.0,0
679,679-1,0,1,0,1.78,0
680,680-1,0,1,7,1.94,1
680,680-2,0,2,1,1.76,0
681,681-2,0,0,4,1.85,2
681,681-1,0,1,3,1.76,0
682,682-2,0,0,1,1.79,3
682,682-1,0,0,1,1.55,0
683,683-3,0,2,9,1.85,0
683,683-2,0,2,4,1.45,0
683,683-1,0,1,1,1.61,0
684,684-1,0,1,1,1.62,0
684,684-2,0,2,0,1.87,0
685,685-2,0,3,3,1.86,0
685,685-5,0,1,1,1.77,0
685,685-4,0,2,1,1.82,0
685,685-1,0,1,1,1.74,0
685,685-3,0,1,0,1.85,0
686,686-5,0,1,6,1.65,0
686,686-4,0,2,4,1.63,0
686,686-3,0,1,3,1.54,2
686,686-2,0,2,1,1.76,0
686,686-1,0,2,1,1.85,0
687,687-2,0,1,9,1.74,0
687,687-4,0,0,6,1.96,0
687,687-3,0,2,6,1.8,0
687,687-1,0,0,0,1.92,0
688,688-2,0,2,4,1.86,1
688,688-4,0,0,3,1.58,7
688,688-3,0,0,1,1.68,0
688,688-1,0,0,1,1.75,0
689,689-4,0,2,4,1.66,0
689,689-3,0,2,4,1.57,0
689,689-2,0,1,3,1.91,0
689,689-1,0,0,1,1.76,0
689,689-5,0,2,0,1.76,0
690,690-1,0,0,4,1.61,0
690,690-3,0,3,3,1.98,0
690,690-2,0,1,1,1.92,0
691,691-1,0,1,3,1.85,1
692,692-1,0,2,6,1.76,0
693,693-2,0,2,6,1.66,1
693,693-1,0,1,4,1.79,0
694,694-4,0,1,6,1.79,0
694,694-3,0,1,3,1.85,0
694,694-2,0,4,3,1.91,0
694,694-1,0,2,1,1.61,0
695,695-3,0,2,6,1.57,4
695,695-1,0,1,1,1.73,0
695,695-2,0,2,0,1.73,0
696,696-4,0,1,4,1.76,0
696,696-3,0,1,4,1.76,0
696,696-1,0,1,3,1.56,1
696,696-2,0,4,1,1.78,0
697,697-1,0,0,0,1.59,0
698,698-3,0,2,3,1.81,0
698,698-2,0,1,1,1.75,0
698,698-1,0,1,1,1.91,0
699,699-1,0,2,3,1.89,0
700,700-1,0,1,4,1.6,3
700,700-2,0,1,1,1.7,0
701,701-5,0,1,3,2.0,0
701,701-4,0,2,3,1.9,0
701,701-3,0,0,3,1.78,10
701,701-2,0,1,1,1.96,0
701,701-1,0,1,0,1.88,2
702,702-2,0,1,3,1.82,0
702,702-1,0,1,1,1.61,1
703,703-1,0,1,0,1.75,0
704,704-2,0,1,6,1.67,0
704,704-1,0,1,6,1.84,0
704,704-3,0,1,1,1.67,0
705,705-2,0,0,4,1.87,0
705,705-1,0,2,1,1.73,9
706,706-2,0,0,4,1.51,0
706,706-3,0,1,3,1.77,0
706,706-1,0,1,1,1.79,0
707,707-3,0,1,3,1.84,0
707,707-2,0,1,3,1.8,0
707,707-1,0,0,0,1.86,0
708,708-1,0,0,6,1.78,0
708,708-3,0,0,4,1.56,0
708,708-5,0,0,1,1.88,0
708,708-4,0,2,1,1.95,0
708,708-2,0,0,0,1.92,0
709,709-1,0,0,7,1.8,0
709,709-3,0,0,3,1.9,3
709,709-2,0,2,0,1.87,0
710,710-2,0,1,7,1.99,0
710,710-3,0,0,4,1.56,0
710,710-1,0,2,3,1.86,0
710,710-4,0,0,1,1.77,0
710,710-5,0,1,0,1.7,0
711,711-1,0,1,1,1.61,0
712,712-3,0,0,4,1.73,0
712,712-1,0,2,3,1.93,0
712,712-2,0,3,1,1.79,0
713,713-3,0,1,6,1.7,0
713,713-4,0,1,1,1.79,0
713,713-2,0,1,4,1.62,0
713,713-1,0,2,3,1.78,0
714,714-1,0,1,1,1.63,0
715,715-4,0,1,9,1.92,0
715,715-5,0,1,3,1.81,1
715,715-3,0,0,3,1.81,1
715,715-1,0,1,1,1.99,0
715,715-2,0,1,0,1.79,0
716,716-4,0,1,6,1.9,0
716,716-2,0,0,1,1.89,2
716,716-5,0,0,1,2.0,0
716,716-3,0,2,1,1.8,0
716,716-1,0,0,1,1.83,0
717,717-1,0,1,1,1.49,0
718,718-1,0,3,1,1.98,0
719,719-2,0,1,11,1.97,0
719,719-1,0,2,1,1.57,0
719,719-3,0,2,3,1.8,0
720,720-4,0,0,6,1.54,0
720,720-1,0,0,6,1.65,0
720,720-2,0,0,1,1.95,0
720,720-3,0,0,3,1.94,0
721,721-2,0,2,3,1.87,10
721,721-1,0,1,1,1.88,0
722,722-2,0,0,1,1.69,6
722,722-3,0,1,3,1.74,0
722,722-1,0,2,0,1.72,0
723,723-1,0,2,3,2.0,0
724,724-2,0,0,1,1.89,0
724,724-1,0,1,0,1.94,0
725,725-1,0,2,1,1.66,0
726,726-3,0,2,1,1.71,0
726,726-2,0,2,3,1.72,1
726,726-4,0,1,1,1.99,0
726,726-1,0,0,1,1.52,0
727,727-2,0,0,10,1.66,0
727,727-1,0,1,1,1.61,1
728,728-5,0,3,6,1.79,0
728,728-2,0,1,6,1.72,0
728,728-3,0,1,5,1.82,0
728,728-1,0,2,1,2.0,0
728,728-4,0,1,3,1.93,0
729,729-1,0,0,6,1.8,0
729,729-3,0,0,5,1.66,0
729,729-2,0,0,3,1.94,0
730,730-2,0,2,5,1.54,0
730,730-1,0,0,5,1.84,0
730,730-3,0,1,0,1.89,1
731,731-1,0,2,3,1.71,0
731,731-3,0,2,1,1.39,0
731,731-2,0,0,1,1.83,0
732,732-5,0,0,9,1.72,0
732,732-3,0,0,6,1.6,0
732,732-1,0,1,3,1.74,0
732,732-4,0,0,1,1.83,0
732,732-2,0,1,1,1.62,0
733,733-1,0,3,5,1.81,0
733,733-2,0,2,0,1.81,0
734,734-3,0,1,5,1.87,0
734,734-1,0,1,1,1.92,0
734,734-2,0,1,0,1.97,0
735,735-2,0,1,6,1.76,0
735,735-1,0,0,5,1.96,0
736,736-2,0,0,3,2.0,0
736,736-1,0,2,0,1.67,0
737,737-2,0,2,6,1.98,0
737,737-3,0,1,1,1.94,0
737,737-1,0,0,1,1.53,5
738,738-1,0,1,6,1.86,0
738,738-3,0,0,3,1.73,0
738,738-2,0,1,3,1.84,0
739,739-2,0,0,3,1.82,0
739,739-1,0,1,0,1.93,1
740,740-2,0,1,9,1.78,0
740,740-3,0,0,3,1.93,0
740,740-1,0,1,1,1.64,0
740,740-4,0,0,0,1.68,0
741,741-2,0,2,5,1.77,0
741,741-1,0,0,1,1.94,0
741,741-3,0,0,0,1.88,0
742,742-1,0,0,5,1.86,0
743,743-4,0,1,3,2.0,0
743,743-3,0,2,3,1.71,0
743,743-1,0,1,3,1.91,0
743,743-5,0,0,2,1.82,3
743,743-2,0,1,1,1.66,0
744,744-1,0,1,5,1.71,0
745,745-3,0,0,5,1.56,0
745,745-2,0,1,5,1.78,0
745,745-1,0,3,3,1.8,0
745,745-4,0,0,2,1.52,7
746,746-4,0,1,5,1.68,0
746,746-3,0,1,5,1.58,2
746,746-2,0,1,5,1.86,0
746,746-1,0,1,5,1.79,0
746,746-5,0,2,3,1.68,1
747,747-1,0,0,6,1.82,0
747,747-3,0,2,3,1.79,1
747,747-2,0,1,0,1.84,0
748,748-5,0,1,3,1.68,0
748,748-4,0,1,3,1.73,2
748,748-3,0,0,3,1.72,0
748,748-2,0,1,3,1.53,0
748,748-1,0,3,2,1.77,0
749,749-4,0,1,5,1.88,0
749,749-2,0,4,3,2.0,0
749,749-1,0,1,3,1.87,1
749,749-3,0,2,2,1.78,0
750,750-3,0,0,5,1.69,0
750,750-2,0,1,5,1.71,0
750,750-5,0,0,3,1.77,0
750,750-1,0,0,2,1.89,0
750,750-4,0,0,0,1.81,1
751,751-3,0,1,5,1.8,0
751,751-1,0,2,2,1.94,0
751,751-2,0,2,0,1.44,3
752,752-3,0,0,5,1.55,1
752,752-2,0,0,3,1.87,0
752,752-1,0,2,2,1.96,0
753,753-4,0,1,3,1.68,0
753,753-3,0,0,3,1.57,0
753,753-2,0,0,2,1.88,0
753,753-1,0,0,2,1.68,0
754,754-1,0,1,7,1.59,0
754,754-2,0,0,0,1.88,0
755,755-2,0,0,7,1.67,0
755,755-1,0,1,5,1.61,0
755,755-4,0,0,2,1.75,0
755,755-3,0,1,0,1.6,0
756,756-2,0,0,7,1.93,0
756,756-3,0,0,6,1.71,3
756,756-1,0,1,6,1.74,0
757,757-1,0,1,3,1.96,0
758,758-1,0,1,3,1.63,0
759,759-1,0,1,5,1.67,0
759,759-4,0,0,3,1.9,0
759,759-3,0,2,2,1.66,0
759,759-5,0,0,0,1.7,0
759,759-2,0,0,0,1.81,0
760,760-1,0,1,6,1.7,0
760,760-4,0,0,5,1.64,7
760,760-2,0,0,5,1.51,0
760,760-5,0,0,3,2.0,0
760,760-3,0,1,0,1.87,0
761,761-2,0,1,2,1.53,0
761,761-1,0,0,2,1.7,2
762,762-1,0,0,7,1.98,0
763,763-3,0,1,5,1.72,0
763,763-1,0,0,2,1.67,0
763,763-2,0,3,0,2.0,0
764,764-3,0,2,3,1.67,0
764,764-2,0,1,0,1.94,0
764,764-1,0,1,0,1.95,0
765,765-4,0,3,7,1.83,0
765,765-3,0,1,3,1.83,0
765,765-2,0,1,3,1.81,0
765,765-1,0,0,0,1.82,0
766,766-3,0,0,6,1.55,0
766,766-2,0,3,3,1.69,0
766,766-1,0,0,0,1.81,0
767,767-1,0,2,5,1.65,0
767,767-2,0,0,2,1.65,1
768,768-1,0,0,9,1.83,1
769,769-3,0,2,6,1.91,0
769,769-1,0,0,2,1.89,0
769,769-2,0,1,0,1.95,0
770,770-2,0,2,5,1.83,0
770,770-1,0,1,2,1.97,0
771,771-1,0,2,0,1.66,0
772,772-1,0,2,2,1.6,0
773,773-2,0,1,5,1.93,0
773,773-1,0,1,5,1.78,0
774,774-1,0,0,5,1.92,0
774,774-3,0,0,3,1.72,3
774,774-2,0,1,2,1.53,0
775,775-1,0,1,2,2.0,0
775,775-2,0,1,0,1.95,1
776,776-1,0,0,6,1.62,0
776,776-2,0,2,3,1.94,0
776,776-3,0,1,2,1.77,0
777,777-4,0,2,6,1.99,0
777,777-1,0,1,5,1.53,0
777,777-5,0,1,3,1.87,0
777,777-3,0,3,2,1.7,1
777,777-2,0,1,2,1.71,0
778,778-5,0,3,2,1.8,2
778,778-4,0,0,2,1.89,0
778,778-2,0,1,2,1.68,0
778,778-3,0,2,0,1.92,0
778,778-1,0,2,0,1.69,0
779,779-3,0,2,6,1.84,0
779,779-1,0,1,5,1.85,3
779,779-2,0,2,2,1.89,0
780,780-2,0,1,6,1.8,0
780,780-1,0,1,0,1.73,0
781,781-1,0,1,6,1.73,4
781,781-2,0,0,5,1.6,0
781,781-4,0,0,3,1.83,0
781,781-3,0,0,0,1.9,0
782,782-3,0,2,11,1.87,0
782,782-1,0,1,6,1.83,0
782,782-2,0,0,2,1.69,0
783,783-3,0,0,7,2.0,0
783,783-4,0,0,6,1.94,0
783,783-2,0,0,5,1.85,0
783,783-1,0,4,5,1.95,0
784,784-2,0,0,5,1.7,0
784,784-5,0,0,2,1.89,0
784,784-4,0,1,2,1.78,0
784,784-3,0,1,2,1.83,1
784,784-1,0,0,2,1.79,0
785,785-1,0,1,0,1.72,0
786,786-3,0,2,9,1.47,0
786,786-4,0,0,6,1.81,0
786,786-1,0,1,2,1.71,0
786,786-2,0,0,0,1.81,0
787,787-5,0,0,7,1.47,0
787,787-4,0,2,6,1.94,0
787,787-1,0,0,5,1.8,0
787,787-3,0,0,2,1.77,0
787,787-2,0,2,0,1.84,1
788,788-2,0,1,6,1.79,2
788,788-4,0,0,3,1.67,0
788,788-5,0,0,2,1.78,0
788,788-3,0,1,0,2.0,2
788,788-1,0,0,0,1.89,0
789,789-1,0,2,2,1.45,0
789,789-2,0,1,0,1.74,0
790,790-1,0,1,7,1.85,0
790,790-3,0,0,5,1.7,1
790,790-2,0,4,3,1.88,0
790,790-4,0,1,2,1.98,0
791,791-3,0,1,5,1.77,0
791,791-2,0,2,5,1.91,0
791,791-1,0,0,5,1.89,0
791,791-4,0,1,0,1.98,0
792,792-3,0,2,6,1.91,0
792,792-1,0,2,5,1.58,0
792,792-4,0,1,2,1.7,0
792,792-2,0,1,2,1.8,0
793,793-4,0,2,5,1.87,0
793,793-5,0,1,2,1.78,0
793,793-3,0,1,2,1.61,0
793,793-2,0,1,2,1.88,0
793,793-1,0,1,2,1.92,0
794,794-1,0,0,2,1.73,0
795,795-1,0,1,6,1.57,0
796,796-2,0,0,3,1.55,3
796,796-1,0,0,3,1.73,0
797,797-2,0,1,6,1.99,0
797,797-1,0,0,5,1.84,0
798,798-5,0,1,6,1.67,0
798,798-1,0,0,5,1.81,3
798,798-3,0,0,3,1.84,0
798,798-4,0,1,2,1.95,0
798,798-2,0,1,2,1.91,0
799,799-2,0,2,5,1.64,0
799,799-1,0,2,2,1.92,0
800,800-2,0,0,6,1.84,0
800,800-4,0,1,5,1.84,0
800,800-3,0,1,2,1.74,0
800,800-1,0,0,0,1.89,0
801,801-1,0,0,3,1.9,0
802,802-1,0,0,7,1.7,0
802,802-3,0,0,5,1.87,0
802,802-2,0,1,3,1.79,0
802,802-4,0,0,0,1.85,0
803,803-3,0,1,3,1.72,0
803,803-2,0,2,3,1.89,0
803,803-1,0,0,0,1.95,0
804,804-1,0,0,6,1.72,0
804,804-5,0,1,3,1.61,0
804,804-4,0,0,2,1.66,0
804,804-3,0,0,2,1.6,0
804,804-2,0,1,0,1.94,0
805,805-1,0,0,6,1.84,0
805,805-5,0,0,3,1.77,1
805,805-2,0,0,3,1.87,0
805,805-4,0,1,2,1.62,0
805,805-3,0,2,2,1.89,0
806,806-2,0,1,6,1.98,3
806,806-4,0,1,5,1.76,0
806,806-3,0,1,5,1.74,0
806,806-5,0,0,2,1.82,0
806,806-1,0,0,2,1.84,0
807,807-4,0,1,7,1.72,0
807,807-3,0,2,3,1.94,0
807,807-2,0,1,3,1.86,0
807,807-1,0,0,0,1.53,0
808,808-1,0,1,9,1.72,0
808,808-3,0,3,3,1.72,0
808,808-2,0,1,2,1.62,0
809,809-4,0,2,9,1.72,0
809,809-2,0,1,6,1.95,0
809,809-5,0,0,5,1.74,0
809,809-1,0,3,5,2.0,0
809,809-3,0,1,3,1.77,0
810,810-1,0,2,2,1.77,0
811,811-1,0,0,6,1.73,0
811,811-2,0,0,5,1.91,0
812,812-1,0,1,3,1.86,0
813,813-1,0,2,2,1.74,0
814,814-1,0,2,5,1.93,0
814,814-3,0,1,2,1.68,0
814,814-2,0,0,0,1.6,7
815,815-1,0,2,6,1.82,1
816,816-2,0,1,5,1.87,0
816,816-1,0,1,0,1.94,0
817,817-4,0,0,6,2.0,0
817,817-3,0,0,3,1.64,0
817,817-1,0,2,3,1.74,0
817,817-2,0,1,0,1.72,0
818,818-4,0,0,5,1.7,0
818,818-2,0,0,3,1.83,4
818,818-1,0,1,3,1.97,0
818,818-3,0,0,0,1.92,0
819,819-4,0,0,6,1.86,0
819,819-2,0,2,3,1.63,0
819,819-3,0,1,2,1.87,0
819,819-1,0,2,2,1.82,0
820,820-1,0,0,2,1.67,0
821,821-3,0,3,6,1.99,1
821,821-4,0,1,3,1.63,0
821,821-1,0,0,2,1.77,0
821,821-2,0,2,0,1.63,0
822,822-1,0,1,5,1.7,0
822,822-2,0,0,3,2.0,0
823,823-3,0,0,3,1.54,0
823,823-2,0,1,3,1.98,2
823,823-1,0,1,3,1.85,0
824,824-1,0,1,5,1.75,0
825,825-4,0,0,6,1.65,0
825,825-1,0,0,5,1.81,0
825,825-2,0,0,2,1.4,0
825,825-5,0,1,0,1.59,0
825,825-3,0,1,0,1.93,0
826,826-3,0,2,5,1.85,0
826,826-4,0,2,3,1.98,0
826,826-2,0,0,2,1.71,0
826,826-1,0,0,0,1.82,0
827,827-1,0,1,5,1.68,0
828,828-3,0,3,5,1.6,0
828,828-2,0,0,0,1.75,0
828,828-1,0,0,0,1.71,0
829,829-1,0,0,2,1.81,0
830,830-3,0,0,3,1.96,5
830,830-2,0,0,3,1.74,0
830,830-1,0,3,3,1.87,0
831,831-2,0,1,3,1.72,0
831,831-1,0,1,3,1.99,0
832,832-1,0,0,2,1.93,0
833,833-1,0,3,3,1.71,0
833,833-2,0,0,2,1.88,0
834,834-3,0,0,6,1.56,0
834,834-4,0,0,5,1.92,0
834,834-5,0,1,3,1.77,0
834,834-1,0,2,3,1.81,0
834,834-2,0,1,2,1.59,0
835,835-1,0,3,5,1.65,0
835,835-2,0,0,3,1.68,1
836,836-2,0,0,7,1.87,0
836,836-1,0,0,2,1.81,0
837,837-2,0,1,5,2.0,0
837,837-1,0,2,2,1.63,0
838,838-2,0,0,6,1.77,0
838,838-4,0,1,2,1.86,0
838,838-1,0,0,2,1.79,0
838,838-3,0,0,0,1.67,0
839,839-1,0,1,2,1.2,0
840,840-1,0,0,6,1.77,0
840,840-2,0,0,3,1.83,0
840,840-5,0,0,2,1.81,0
840,840-4,0,1,2,1.63,0
840,840-3,0,1,2,1.95,3
841,841-3,0,3,3,1.92,0
841,841-1,0,0,3,1.99,0
841,841-2,0,1,2,1.84,1
842,842-1,0,1,6,1.75,0
842,842-3,0,1,5,2.0,0
842,842-5,0,0,3,1.68,0
842,842-4,0,0,3,1.93,0
842,842-2,0,1,3,1.76,0
843,843-2,0,1,2,1.83,0
843,843-1,0,2,0,1.57,0
844,844-3,0,0,7,1.99,0
844,844-2,0,1,3,1.8,0
844,844-1,0,0,3,1.7,0
844,844-4,0,1,2,1.48,0
845,845-2,0,2,6,1.77,0
845,845-4,0,0,3,1.69,0
845,845-1,0,0,3,1.57,0
845,845-5,0,0,0,1.93,1
845,845-3,0,0,0,1.55,0
846,846-1,0,1,7,1.82,0
846,846-2,0,1,6,1.76,0
846,846-5,0,1,5,1.82,0
846,846-4,0,0,2,1.76,0
846,846-3,0,2,0,1.61,7
847,847-1,0,0,2,1.76,0
848,848-4,0,0,6,1.84,0
848,848-2,0,2,6,1.91,1
848,848-3,0,1,5,1.38,0
848,848-1,0,0,3,1.89,0
848,848-5,0,0,2,1.89,2
849,849-2,0,2,6,1.77,0
849,849-3,0,3,2,1.92,0
849,849-1,0,1,2,1.68,0
850,850-1,0,3,3,1.73,0
851,851-2,0,2,5,1.57,0
851,851-4,0,1,3,1.99,0
851,851-3,0,0,3,1.61,0
851,851-1,0,0,3,1.62,0
852,852-1,0,2,5,1.94,0
852,852-2,0,3,3,1.64,0
852,852-3,0,1,2,1.62,0
853,853-4,0,0,6,1.82,0
853,853-3,0,1,5,1.77,0
853,853-1,0,1,5,1.63,0
853,853-5,0,1,2,1.91,1
853,853-2,0,1,2,1.78,0
854,854-5,0,1,6,1.9,0
854,854-2,0,1,6,1.87,0
854,854-4,0,1,3,1.73,0
854,854-3,0,0,3,1.62,0
854,854-1,0,1,2,1.95,0
855,855-3,0,1,3,1.94,0
855,855-2,0,2,3,1.95,0
855,855-5,0,2,2,1.83,0
855,855-4,0,0,2,1.42,0
855,855-1,0,2,2,1.84,0
856,856-2,0,1,3,1.63,0
856,856-3,0,0,2,1.91,0
856,856-1,0,1,2,1.49,0
857,857-1,0,0,5,1.53,0
858,858-2,0,2,3,1.65,0
858,858-1,0,2,0,1.31,0
859,859-1,0,0,6,1.81,2
859,859-2,0,1,5,1.73,0
859,859-3,0,2,0,1.6,0
860,860-4,0,1,9,1.76,8
860,860-3,0,1,6,1.73,0
860,860-2,0,0,5,1.94,0
860,860-1,0,0,3,1.79,0
860,860-5,0,1,0,1.85,0
861,861-1,0,3,6,1.86,0
862,862-1,0,1,3,1.97,0
862,862-2,0,2,2,1.54,0
863,863-2,0,0,7,2.0,0
863,863-3,0,3,5,1.63,0
863,863-4,0,0,3,1.88,0
863,863-1,0,1,3,1.95,0
864,864-3,0,1,6,1.54,0
864,864-1,0,3,6,1.83,0
864,864-2,0,1,0,1.98,0
865,865-2,0,1,6,1.69,0
865,865-3,0,1,3,1.95,0
865,865-1,0,0,0,2.0,0
866,866-3,0,1,2,1.76,0
866,866-2,0,3,2,1.68,0
866,866-1,0,0,0,1.91,0
867,867-1,0,1,5,1.67,0
867,867-3,0,1,3,1.85,0
867,867-2,0,0,3,1.91,0
868,868-4,0,1,6,1.69,0
868,868-3,0,2,3,1.66,0
868,868-1,0,0,2,1.81,0
868,868-2,0,0,0,1.7,0
869,869-2,0,0,6,1.71,0
869,869-1,0,2,5,1.66,0
869,869-3,0,1,0,1.81,0
870,870-1,0,1,5,1.9,0
871,871-1,0,0,5,1.52,0
871,871-2,0,1,3,1.66,0
872,872-5,0,1,6,1.58,0
872,872-4,0,1,5,1.9,0
872,872-3,0,0,5,1.91,0
872,872-2,0,2,5,1.66,0
872,872-1,0,0,3,1.61,0
873,873-1,0,1,3,1.61,0
874,874-2,0,1,6,1.76,0
874,874-1,0,1,2,1.66,0
875,875-1,0,0,6,1.85,0
875,875-4,0,2,2,1.63,0
875,875-3,0,4,2,1.8,0
875,875-2,0,3,2,1.68,0
876,876-1,0,1,2,1.64,0
877,877-5,0,1,6,1.93,0
877,877-3,0,0,6,1.82,0
877,877-1,0,0,3,1.74,0
877,877-4,0,2,0,1.69,0
877,877-2,0,1,0,1.8,0
878,878-2,0,1,5,1.72,0
878,878-1,0,2,3,1.65,0
878,878-3,0,1,2,1.89,0
879,879-1,0,1,2,1.7,0
880,880-1,0,2,6,1.7,0
880,880-2,0,0,2,1.62,0
881,881-4,0,1,3,1.98,0
881,881-3,0,0,2,1.81,6
881,881-2,0,1,2,1.69,0
881,881-1,0,2,2,1.79,1
882,882-1,0,0,3,1.53,0
883,883-5,0,0,3,1.68,0
883,883-3,0,1,3,1.73,0
883,883-4,0,1,2,1.49,1
883,883-2,0,3,2,1.73,0
883,883-1,0,0,2,1.77,4
884,884-3,0,1,5,1.85,0
884,884-4,0,1,0,1.89,0
884,884-2,0,0,0,1.74,0
884,884-1,0,0,0,1.89,4
885,885-3,0,1,12,1.56,0
885,885-4,0,4,5,1.78,0
885,885-2,0,0,2,1.73,0
885,885-1,0,1,2,1.8,0
886,886-2,0,1,9,1.64,0
886,886-1,0,2,2,1.7,0
887,887-3,0,0,5,1.7,0
887,887-1,0,3,5,1.93,0
887,887-4,0,1,2,1.63,0
887,887-2,0,1,0,1.75,0
888,888-1,0,3,9,1.8,8
888,888-3,0,1,2,1.77,0
888,888-4,0,1,0,1.75,2
888,888-2,0,1,0,1.94,5
889,889-4,0,1,6,1.59,0
889,889-3,0,1,5,1.57,0
889,889-5,0,0,3,1.62,0
889,889-2,0,0,2,1.86,0
889,889-1,0,0,2,1.91,0
890,890-2,0,1,9,1.62,4
890,890-3,0,2,2,1.87,0
890,890-1,0,1,2,1.9,1
891,891-3,0,1,6,1.77,0
891,891-2,0,0,2,1.68,0
891,891-1,0,1,0,1.69,0
892,892-1,0,0,7,1.8,0
892,892-4,0,2,2,1.65,0
892,892-3,0,1,2,1.52,0
892,892-2,0,1,0,1.69,0
893,893-2,0,0,7,1.7,0
893,893-4,0,0,6,1.71,0
893,893-5,0,0,5,1.77,0
893,893-1,0,1,5,1.87,0
893,893-3,0,1,0,1.95,0
894,894-1,0,1,5,1.76,0
895,895-4,0,2,6,1.6,0
895,895-1,0,0,6,1.79,0
895,895-5,0,0,5,2.0,0
895,895-3,0,3,5,1.38,0
895,895-2,0,1,5,1.86,0
896,896-1,0,1,2,1.64,0
897,897-1,0,1,7,1.95,0
897,897-2,0,1,0,1.62,0
898,898-1,0,2,2,1.78,0
899,899-3,0,0,5,1.78,0
899,899-2,0,2,5,1.71,0
899,899-1,0,0,3,1.86,0
900,900-1,0,1,5,2.0,0
900,900-2,0,3,3,1.99,2
901,901-4,0,2,6,1.7,4
901,901-1,0,0,5,1.83,0
901,901-5,0,1,3,1.71,0
901,901-3,0,0,2,1.84,3
901,901-2,0,1,2,1.87,0
902,902-1,0,0,5,1.65,0
903,903-3,0,0,7,1.77,0
903,903-2,0,2,7,1.65,0
903,903-1,0,1,7,1.78,0
903,903-4,0,1,3,1.82,6
904,904-2,0,0,6,1.83,0
904,904-1,0,1,6,1.67,3
905,905-4,0,2,5,1.6,0
905,905-2,0,3,5,1.92,0
905,905-3,0,1,3,1.95,0
905,905-5,0,1,2,1.81,0
905,905-1,0,1,2,1.93,0
906,906-2,0,0,5,1.62,0
906,906-1,0,1,5,1.8,0
907,907-1,0,3,5,1.75,0
908,908-4,0,3,5,1.72,0
908,908-1,0,3,5,1.75,0
908,908-3,0,2,3,1.77,0
908,908-2,0,2,2,1.65,0
909,909-2,0,0,2,1.84,0
909,909-1,0,1,2,1.73,2
910,910-4,0,2,5,1.65,1
910,910-1,0,1,5,1.83,0
910,910-3,0,1,3,1.8,0
910,910-2,0,1,2,2.0,0
911,911-1,0,0,6,1.57,0
912,912-2,0,1,9,1.71,0
912,912-5,0,1,6,1.74,0
912,912-4,0,1,3,1.71,0
912,912-3,0,0,3,1.73,0
912,912-1,0,1,0,1.73,0
913,913-2,0,1,3,1.98,0
913,913-4,0,2,2,1.97,0
913,913-3,0,1,2,1.73,0
913,913-1,0,0,2,1.75,0
914,914-2,0,0,6,1.78,0
914,914-3,0,1,5,1.78,0
914,914-1,0,0,0,1.84,0
915,915-1,0,1,6,1.99,2
915,915-2,0,0,2,1.71,0
916,916-4,0,0,5,1.87,1
916,916-3,0,1,3,1.63,0
916,916-2,0,0,3,1.58,0
916,916-1,0,2,2,1.62,0
917,917-1,0,2,2,1.86,1
918,918-2,0,0,5,1.68,4
918,918-1,0,1,2,1.67,0
919,919-1,0,1,5,1.78,0
919,919-3,0,2,3,1.87,0
919,919-2,0,1,0,1.69,3
920,920-1,0,0,3,1.7,0
920,920-3,0,1,2,1.91,0
920,920-2,0,1,0,1.96,0
921,921-1,0,1,3,1.72,1
921,921-2,0,0,2,1.8,0
922,922-3,0,2,7,1.83,0
922,922-4,0,0,2,1.67,0
922,922-2,0,1,0,1.64,2
922,922-1,0,1,0,1.62,0
923,923-2,0,1,3,1.77,0
923,923-1,0,0,3,1.92,0
924,924-1,0,1,7,1.6,0
924,924-3,0,1,3,2.0,0
924,924-4,0,2,2,1.69,0
924,924-5,0,1,0,1.63,1
924,924-2,0,2,0,1.77,5
925,925-3,0,1,3,1.96,2
925,925-2,0,1,3,1.95,0
925,925-1,0,3,2,1.82,0
926,926-2,0,0,9,1.87,0
926,926-1,0,2,6,1.59,0
927,927-4,0,1,6,1.84,2
927,927-5,0,1,3,1.69,0
927,927-2,0,2,3,1.55,0
927,927-3,0,1,2,1.68,0
927,927-1,0,2,2,1.73,0
928,928-3,0,1,3,1.81,0
928,928-2,0,2,3,1.71,2
928,928-1,0,0,3,1.82,0
929,929-3,0,0,2,1.9,0
929,929-2,0,2,2,1.69,0
929,929-1,0,0,2,1.77,0
930,930-4,0,1,5,1.91,0
930,930-5,0,0,2,1.93,0
930,930-3,0,0,2,1.8,0
930,930-2,0,2,2,1.6,0
930,930-1,0,2,2,1.73,0
931,931-2,0,0,6,2.0,0
931,931-3,0,0,3,1.68,0
931,931-1,0,2,2,1.67,0
932,932-3,0,1,7,1.73,0
932,932-5,0,0,5,1.79,0
932,932-4,0,0,5,1.77,0
932,932-2,0,4,3,1.67,0
932,932-1,0,2,2,1.6,1
933,933-1,0,1,2,1.53,0
934,934-3,0,2,2,1.84,0
934,934-1,0,0,2,1.79,0
934,934-2,0,1,0,1.67,0
935,935-1,0,3,3,1.91,0
935,935-2,0,1,0,1.6,0
936,936-2,0,0,2,1.85,0
936,936-1,0,0,2,1.62,0
937,937-4,0,1,6,1.81,0
937,937-2,0,1,6,1.56,1
937,937-3,0,1,3,1.62,0
937,937-1,0,0,3,1.69,0
938,938-1,0,1,7,1.73,0
938,938-3,0,0,3,1.67,0
938,938-5,0,1,2,1.86,0
938,938-2,0,1,2,1.65,0
938,938-4,0,2,0,1.88,0
939,939-2,0,2,5,1.94,0
939,939-5,0,1,3,1.88,0
939,939-4,0,1,3,1.68,0
939,939-3,0,1,3,1.72,0
939,939-1,0,1,3,2.0,4
940,940-1,0,4,6,1.9,0
940,940-4,0,0,2,1.61,0
940,940-2,0,1,2,1.98,0
940,940-3,0,2,0,1.73,0
941,941-1,0,0,0,1.79,0
942,942-2,0,0,2,1.76,0
942,942-1,0,0,0,2.0,0
943,943-2,0,2,6,1.72,0
943,943-1,0,1,2,1.72,0
944,944-5,0,0,3,1.81,0
944,944-4,0,0,3,1.77,0
944,944-3,0,1,3,1.52,0
944,944-2,0,1,2,1.71,0
944,944-1,0,1,2,1.74,0
945,945-2,0,1,6,1.59,0
945,945-3,0,0,5,1.84,0
945,945-1,0,1,0,1.84,0
946,946-1,0,2,5,1.83,0
947,947-2,0,0,7,1.96,0
947,947-3,0,0,5,1.75,0
947,947-1,0,1,3,1.95,0
948,948-1,0,1,3,1.77,0
949,949-4,0,0,3,1.86,1
949,949-1,0,0,3,1.8,0
949,949-3,0,1,2,1.84,0
949,949-2,0,0,2,1.87,0
950,950-5,0,0,6,1.67,0
950,950-4,0,2,5,1.31,0
950,950-1,0,2,3,1.58,0
950,950-3,0,3,2,1.7,0
950,950-2,0,0,2,1.75,0
951,951-1,0,3,3,1.54,0
951,951-2,0,0,2,2.0,0
951,951-3,0,2,0,1.99,0
952,952-4,0,1,5,1.71,0
952,952-3,0,0,2,1.82,0
952,952-1,0,1,2,2.0,0
952,952-2,0,0,0,1.79,0
953,953-5,0,0,3,1.92,0
953,953-4,0,0,3,1.52,7
953,953-3,0,5,3,1.96,0
953,953-1,0,0,3,1.62,0
953,953-2,0,0,2,1.49,0
954,954-1,0,1,6,1.78,0
955,955-4,0,0,5,1.95,0
955,955-3,0,1,3,1.93,6
955,955-2,0,0,3,1.88,0
955,955-1,0,1,3,1.74,0
956,956-3,0,0,6,1.67,0
956,956-2,0,1,3,1.77,0
956,956-1,0,0,2,1.57,0
957,957-2,0,0,6,1.88,0
957,957-3,0,2,5,1.76,0
957,957-1,0,3,2,1.77,0
957,957-5,0,2,0,1.82,0
957,957-4,0,0,0,1.56,0
958,958-3,0,2,3,1.72,0
958,958-2,0,1,3,1.72,4
958,958-1,0,1,3,1.81,0
958,958-4,0,1,2,1.7,0
959,959-3,0,1,5,1.99,1
959,959-2,0,2,3,1.95,0
959,959-1,0,3,3,1.78,0
959,959-4,0,0,2,1.81,1
960,960-2,0,0,3,1.9,0
960,960-1,0,1,2,1.67,0
960,960-3,0,0,0,2.0,0
961,961-4,0,0,6,1.81,0
961,961-3,0,0,5,1.67,0
961,961-2,0,0,5,1.71,0
961,961-1,0,2,5,1.96,0
962,962-1,0,0,3,1.91,0
962,962-2,0,0,2,1.67,1
962,962-3,0,1,0,1.67,3
963,963-1,0,2,3,1.81,0
963,963-2,0,1,0,1.67,0
964,964-2,0,2,3,1.11,0
964,964-1,0,0,3,1.88,0
965,965-2,0,0,5,1.86,0
965,965-1,0,1,3,1.82,0
965,965-3,0,1,2,1.99,2
966,966-1,0,1,3,1.91,0
967,967-1,0,1,5,1.99,3
968,968-2,0,0,6,1.8,0
968,968-3,0,2,5,1.6,0
968,968-1,0,1,2,1.66,0
969,969-2,0,4,6,2.0,0
969,969-4,0,0,5,1.61,0
969,969-5,0,1,3,2.0,0
969,969-3,0,0,2,1.96,7
969,969-1,0,1,2,1.82,0
970,970-2,0,1,8,1.77,0
970,970-4,0,1,3,1.9,0
970,970-3,0,0,2,1.85,0
970,970-1,0,2,2,1.93,0
971,971-3,0,0,5,1.84,0
971,971-2,0,1,5,1.94,0
971,971-1,0,0,3,1.83,1
971,971-4,0,1,2,1.85,0
972,972-1,0,0,2,1.99,0
973,973-1,0,3,3,1.73,0
973,973-2,0,1,2,1.96,0
973,973-4,0,1,0,1.89,0
973,973-3,0,1,0,1.8,0
974,974-2,0,1,8,1.7,0
974,974-1,0,2,6,1.83,0
975,975-1,0,1,6,1.55,0
975,975-2,0,1,5,1.68,0
975,975-4,0,1,3,1.61,0
975,975-3,0,1,3,1.64,0
975,975-5,0,1,2,1.77,0
976,976-1,0,3,5,1.82,0
976,976-2,0,0,3,1.76,0
976,976-4,0,1,2,1.59,0
976,976-3,0,0,0,1.82,0
977,977-1,0,2,6,1.99,0
977,977-4,0,0,3,1.76,0
977,977-2,0,1,3,1.86,0
977,977-3,0,1,0,1.96,0
978,978-3,0,1,6,1.64,0
978,978-2,0,1,5,1.61,0
978,978-4,0,1,3,1.91,0
978,978-1,0,0,3,1.7,0
979,979-1,0,1,5,1.87,0
979,979-2,0,1,3,2.0,0
980,980-3,0,2,2,1.59,1
980,980-2,0,0,2,1.85,0
980,980-1,0,0,0,1.97,0
981,981-4,0,1,6,1.78,0
981,981-5,0,2,5,1.5,0
981,981-2,0,2,5,1.66,0
981,981-1,0,0,5,1.75,0
981,981-3,0,1,2,1.75,0
982,982-4,0,0,5,1.67,0
982,982-1,0,1,3,1.69,3
982,982-3,0,1,2,1.7,0
982,982-2,0,1,0,1.83,0
983,983-1,0,0,5,1.7,0
983,983-2,0,0,2,1.96,0
984,984-1,0,2,0,1.8,0
985,985-2,0,1,9,1.65,0
985,985-3,0,3,5,1.75,0
985,985-1,0,1,2,2.0,0
986,986-3,0,3,6,1.64,0
986,986-2,0,1,5,1.92,0
986,986-1,0,2,5,1.87,1
986,986-5,0,0,3,1.77,0
986,986-4,0,0,2,1.74,0
987,987-4,0,0,6,1.68,0
987,987-3,0,2,3,1.74,0
987,987-2,0,0,2,1.78,0
987,987-1,0,1,2,1.98,0
988,988-1,0,1,5,1.69,0
988,988-2,0,1,3,1.88,0
988,988-3,0,1,0,1.93,0
989,989-1,0,1,10,1.87,0
989,989-2,0,0,6,1.6,0
989,989-5,0,2,3,1.75,0
989,989-3,0,1,3,1.66,0
989,989-4,0,0,2,1.76,0
990,990-4,0,1,6,1.94,0
990,990-1,0,1,3,1.57,0
990,990-2,0,2,2,1.93,0
990,990-3,0,0,0,1.79,0
991,991-1,0,4,3,1.66,0
992,992-4,0,1,5,1.71,0
992,992-3,0,1,3,1.83,0
992,992-2,0,1,3,1.65,0
992,992-1,0,1,3,1.77,0
993,993-1,0,1,5,1.9,0
994,994-1,0,0,5,1.98,0
994,994-2,0,1,3,1.89,0
994,994-3,0,1,0,1.78,0
995,995-2,0,2,8,1.72,0
995,995-5,0,1,5,1.7,0
995,995-4,0,1,3,1.86,0
995,995-3,0,0,3,1.59,0
995,995-1,0,0,3,1.91,0
996,996-2,0,0,6,1.69,0
996,996-1,0,1,2,1.57,0
997,997-2,0,1,8,1.86,0
997,997-4,0,1,5,1.82,0
997,997-1,0,0,3,1.74,0
997,997-3,0,0,2,1.84,1
998,998-2,0,1,2,1.94,0
998,998-1,0,2,0,1.89,0
999,999-2,0,0,5,1.55,8
999,999-3,0,1,3,1.96,0
999,999-1,0,1,2,1.7,0
1000,1000-1,0,1,3,1.88,0
1000,1000-4,0,0,0,1.78,0
1000,1000-3,0,1,0,1.82,0
1000,1000-2,0,1,0,1.92,0
